index,filename,base_tag,head_tag,base_tag_lines_txt,head_tag_lines_txt
0,src/RF001 - Autenticar Usuario.claret,exp01_gti-competencias_v0.1,exp01_gti-competencias_v1.0,"-  version ""0.1"" type ""Criacao"" user ""Aislan Fernandes"" date ""13/07/2020""	","+  version ""1.0"" type ""Alteracao"" user ""Aislan Fernandes"" date ""13/07/2020""	"
1,src/RF001 - Autenticar Usuario.claret,exp01_gti-competencias_v0.1,exp01_gti-competencias_v1.0,"-    step 1 sysUser ""inicia a tela de login atraves da opcao de login no canto superior direito""	","+    step 1 sysUser ""inicia a tela de login atraves da opcao de Login no canto superior direito""	"
2,src/RF002 - Realizar logout.claret,exp01_gti-competencias_v0.1,exp01_gti-competencias_v1.0,"-  version ""0.1"" type ""Criacao"" user ""Aislan Fernandes"" date ""17/07/2020""	","+  version ""1.0"" type ""Alteracao"" user ""Aislan Fernandes"" date ""17/07/2020""	"
3,src/RF002 - Realizar logout.claret,exp01_gti-competencias_v0.1,exp01_gti-competencias_v1.0,"-    step 1 sysUser ""clica na opcao de logout atraves da opcao disponivel no canto superior direito""	","+    step 1 sysUser ""clica na opcao de Logout atraves da opcao disponivel no canto superior direito""	"
4,src/RF003 - Visualizar Permissoes do Usuario.claret,exp01_gti-competencias_v0.1,exp01_gti-competencias_v1.0,"-  version ""0.1"" type ""Criacao"" user ""Aislan Fernandes"" date ""17/07/2020""	","+  version ""1.0"" type ""Alteracao"" user ""Aislan Fernandes"" date ""17/07/2020""	"
5,src/RF003 - Visualizar Permissoes do Usuario.claret,exp01_gti-competencias_v0.1,exp01_gti-competencias_v1.0,"-    step 2 system ""exibe a tela com a tabela das permissoes concedidas ao seu usuario""	","+    step 2 system ""exibe a tela com a tabela das Permissoes concedidas ao seu usuario""	"
6,src/RF003 - Visualizar Permissoes do Usuario.claret,exp01_gti-competencias_v0.1,exp01_gti-competencias_v1.0,"-  postCondition ""Usuario visualiza a tabela das permissoes concedidas ao seu usuario""	","+  postCondition ""Usuario visualiza a tabela das Permissoes concedidas ao seu usuario""	"
7,src/RF006 - Gerenciar Perfis de Competencias.claret,exp01_gti-competencias_v0.1,exp01_gti-competencias_v1.0,"-  version ""0.1"" type ""Criacao"" user ""Aislan Fernandes"" date ""20/07/2020""	","+  version ""1.0"" type ""Alteracao"" user ""Aislan Fernandes"" date ""20/07/2020""	"
8,src/RF006 - Gerenciar Perfis de Competencias.claret,exp01_gti-competencias_v0.1,exp01_gti-competencias_v1.0,"-				tem permissao para gerenciar perfis de competencias.""	","+				tem permissao para gerenciar Perfis de Competencias.""	"
9,src/RF006 - Gerenciar Perfis de Competencias.claret,exp01_gti-competencias_v0.1,exp01_gti-competencias_v1.0,"-    step 1 lider ""acessa a funcionalidade de gestao de perfis de competencias a partir do menu inicial"" af[4]	-    step 2 system ""exibe a listagem dos perfis de competencias cadastrados com opcoes de 'Novo', 'Editar', 'Excluir' e 'Ajuda'"" 	-    step 3 lider ""clica na opcao 'Novo' para criar um novo perfil"" af[1,2,3]	","+    step 1 lider ""acessa a funcionalidade de gestao de Perfis de Competencias a partir do menu inicial"" af[4]	+    step 2 system ""exibe a listagem dos Perfis de Competencias cadastrados com opcoes de 'Novo', 'Editar', 'Excluir' e 'Ajuda'"" 	+    step 3 lider ""clica na opcao 'Novo' para criar um Novo Perfil de Competencias"" af[1,2,3]	"
10,src/RF006 - Gerenciar Perfis de Competencias.claret,exp01_gti-competencias_v0.1,exp01_gti-competencias_v1.0,"-				   retorna feedback correspondente"" ef[1,2,3]	","+				   retorna feedback correspondente"" ef[1,2]	"
11,src/RF006 - Gerenciar Perfis de Competencias.claret,exp01_gti-competencias_v0.1,exp01_gti-competencias_v1.0,"-  alternative 1 ""Editar Perfil de Competencias Existente"" {	","+  alternative 1 ""Editar Perfil de Competencias de Competencias Existente"" {	"
12,src/RF006 - Gerenciar Perfis de Competencias.claret,exp01_gti-competencias_v0.1,exp01_gti-competencias_v1.0,"-    step 6 system ""exibe a listagem dos perfis de competencias sem o perfil de competencias excluido""	","+    step 6 system ""exibe a listagem dos Perfis de Competencias sem o perfil de competencias excluido"" ef[3]	"
13,src/RF006 - Gerenciar Perfis de Competencias.claret,exp01_gti-competencias_v0.1,exp01_gti-competencias_v1.0,"-    step 6 system ""exibe a listagem dos perfis de competencias com o perfil de competencias excluido""	","+    step 6 system ""exibe a listagem dos Perfis de Competencias com o perfil de competencias excluido""	"
14,src/RF006 - Gerenciar Perfis de Competencias.claret,exp01_gti-competencias_v0.1,exp01_gti-competencias_v1.0,"-  	step 1 usuarioNA ""acessa a funcionalidade de gestao de perfis de competencias a partir do menu inicial""	-  	step 2 system ""exibe a listagem dos perfis de competencias cadastrados apenas para visualizacao com a opcao 'Ajuda'""	","+  	step 1 usuarioNA ""acessa a funcionalidade de gestao de Perfis de Competencias a partir do menu inicial""	+  	step 2 system ""exibe a listagem dos Perfis de Competencias cadastrados apenas para visualizacao com a opcao 'Ajuda'""	"
15,src/RF006 - Gerenciar Perfis de Competencias.claret,exp01_gti-competencias_v0.1,exp01_gti-competencias_v1.0,"-  exception 1 ""Falha ao Salvar o Novo Perfil"" {	-    step 1 system ""exibe uma mensagem de erro ao tentar salvar o novo perfil, informando o campo ou a validacao que falhou""	","+  exception 1 ""Falha ao Salvar o Novo Perfil de Competencias"" {	+    step 1 system ""exibe uma mensagem de erro ao tentar salvar o novo Perfil de Competencias, informando o campo ou a validacao que falhou""	"
16,src/RF006 - Gerenciar Perfis de Competencias.claret,exp01_gti-competencias_v0.1,exp01_gti-competencias_v1.0,"-  exception 2 ""Erro ao Editar Perfil"" {	-    step 1 system ""exibe uma mensagem de erro ao tentar editar o perfil, informando o campo ou a validacao que falhou""	","+  exception 2 ""Erro ao Editar Perfil de Competencias"" {	+    step 1 system ""exibe uma mensagem de erro ao tentar editar o Perfil de Competencias, informando o campo ou a validacao que falhou""	"
17,src/RF006 - Gerenciar Perfis de Competencias.claret,exp01_gti-competencias_v0.1,exp01_gti-competencias_v1.0,"-  exception 3 ""Falha na Exclusao do Perfil"" {	-    step 1 system ""exibe uma mensagem de erro ao tentar excluir o perfil""	","+  exception 3 ""Falha na Exclusao do Perfil de Competencias"" {	+    step 1 system ""exibe uma mensagem de erro ao tentar excluir o Perfil de Competencias""	"
18,src/RF006 - Gerenciar Perfis de Competencias.claret,exp01_gti-competencias_v0.1,exp01_gti-competencias_v1.0,"-  postCondition ""A gestao de perfis de competencias e realizada com sucesso.""	","+  postCondition ""A gestao de Perfis de Competencias e realizada com sucesso.""	"
19,src/RF007 - Gerenciar Avaliacoes.claret,exp01_gti-competencias_v0.1,exp01_gti-competencias_v1.0,,"+systemName ""GTI-Competencias""	+	+usecase ""RF007 - Gerenciar Avaliacoes"" {	+  version ""1.0"" type ""Criacao"" user ""Aislan Fernandes"" date ""03/08/2020""	+  actor lider ""Lider de Pessoas""	+  preCondition ""Lider de Pessoas esta autenticado no sistema; 	+				tem permissao para gerenciar Avaliacoes""	+	+  basic {	+    step 1 lider ""acessa a funcionalidade de gestao de Avaliacoes a partir do menu inicial""	+    step 2 system ""exibe a listagem dos Avaliacoes cadastrados com opcoes de 'Novo', 'Editar', 'Excluir' e 'Ajuda'"" 	+    step 3 lider ""clica na opcao 'Novo' para criar uma nova Avaliacao"" af[1,2,3]	+    step 4 system ""apresenta o formulario para cadastro e alteracao de Avaliacao""	+    step 5 lider  ""seleciona o 'Periodo Avaliativo' da Avaliacao""	+    step 6 system ""apresenta o campo 'Periodo Avaliativo' preenchido corretamente""	+    step 7 lider ""seleciona o 'Perfil' de competencias da Avaliacao""	+    step 8 system ""apresenta o campo 'Perfil' de competencias preenchido corretamente e	+                   apresenta o campo 'Metas' com as respectivas competencias, cada uma preenchida com nivel igual 1 (um)""	+    step 9 lider ""seleciona o colaborador a ser 'Avaliado' na Avaliacao""	+    step 10 system ""apresenta o campo 'Avaliado' preenchido corretamente""	+    step 11 lider ""Em 'Metas', insere o 'Nivel' esperado para cada competencia do perfil selecionado na Avaliacao""	+    step 12 system ""apresenta em 'Metas' os campos 'Nivel' preenchido corretamente""              	+    step 13 lider ""seleciona 'Avaliadores' da Avaliacao""	+    step 14 system ""apresenta a lista de 'Avaliadores' preenchida corretamente""	+	step 15 lider ""clica na opcao 'Salvar'""	+    step 16 system ""realiza a acao conforme a opcao selecionada pelo usuario e 	+				   retorna feedback correspondente"" ef[1,2]	+  }	+	+  alternative 1 ""Editar Avaliacao Existente"" {	+    step 1 lider ""seleciona uma Avaliacao da listagem""	+    step 2 system ""destaca a Avaliacao selecionada na listagem""	+    step 3 lider ""clica na opcao 'Editar' para modificar a Avaliacao selecionada""	+    step 4 system ""apresenta o formulario para e alteracao de Avaliacao""	+    step 5 lider ""verifica que os campos 'Periodo Avaliativo', 'Perfil' e 'Avaliado' somente leitura"" bs 11	+  }	+  	+  alternative 2 ""Confirmar Exclusao do Avaliacao"" {	+  	step 1 lider ""seleciona uma Avaliacao da listagem""	+    step 2 system ""destaca a Avaliacao selecionada na listagem""	+    step 3 lider ""clica na opcao 'Excluir' para excluir a Avaliacao selecionada"" 	+    step 4 system ""solicita confirmacao de exclusao da Avaliacao""	+    step 5 lider ""confirma a exclusao do Avaliacao""	+    step 6 system ""exibe a listagem dos Avaliacoes sem o Avaliacao excluido"" ef[3,4]	+  }	+	+  alternative 3 ""Negar Exclusao do Avaliacao"" {	+  	step 1 lider ""seleciona uma Avaliacao da listagem""	+    step 2 system ""destaca a Avaliacao selecionada na listagem""	+    step 3 lider ""clica na opcao 'Excluir' para excluir a Avaliacao selecionada""	+    step 4 system ""solicita confirmacao de exclusao da Avaliacao""	+    step 5 lider ""nao confirma a exclusao do Avaliacao""	+    step 6 system ""exibe a listagem dos Avaliacoes com o Avaliacao excluido""	+  }	+	+  exception 1 ""Falha ao Salvar a nova Avaliacao"" {	+    step 1 system ""exibe uma mensagem de erro ao tentar salvar a nova Avaliacao, informando o campo ou a validacao que falhou""	+  }	+	+  exception 2 ""Erro ao Editar Avaliacao"" {	+    step 1 system ""exibe uma mensagem de erro ao tentar editar a Avaliacao, informando o campo ou a validacao que falhou""	+  }	+	+  exception 3 ""Falha na Exclusao do Avaliacao"" {	+    step 1 system ""exibe uma mensagem de erro ao tentar excluir a Avaliacao""	+  }	+  	+  exception 4 ""Falha na Exclusao do Avaliacao: nao e o lider"" {	+    step 1 system ""exibe uma mensagem de erro ao tentar excluir a Avaliacao informando que o usuario nao e o lider""	+  }	+	+  postCondition ""A gestao de Avaliacoes e realizada com sucesso.""	+}	"
20,src/RF010 - Gerenciar Periodos Avaliativos.claret,exp01_gti-competencias_v0.1,exp01_gti-competencias_v1.0,"-  version ""0.1"" type ""Criacao"" user ""Aislan Fernandes"" date ""30/07/2020""	","+  version ""1.0"" type ""Final"" user ""Aislan Fernandes"" date ""30/07/2020""	"
21,src/RF010 - Gerenciar Periodos Avaliativos.claret,exp01_gti-competencias_v0.1,exp01_gti-competencias_v1.0,"-				tem permissao para gerenciar perfis de competencias.""	","+				tem permissao para gerenciar Periodos Avaliativos.""	"
22,src/RF010 - Gerenciar Periodos Avaliativos.claret,exp01_gti-competencias_v0.1,exp01_gti-competencias_v1.0,"-    step 1 lider ""acessa a funcionalidade de gestao de perfis de competencias a partir do menu inicial"" af[4]	-    step 2 system ""exibe a listagem dos perfis de competencias cadastrados com opcoes de 'Novo', 'Editar', 'Excluir' e 'Ajuda'"" 	","+    step 1 lider ""acessa a funcionalidade de gestao de Periodos Avaliativos a partir do menu inicial"" af[4]	+    step 2 system ""exibe a listagem dos Periodos Avaliativos cadastrados com opcoes de 'Novo', 'Editar', 'Excluir' e 'Ajuda'"" 	"
23,src/RF010 - Gerenciar Periodos Avaliativos.claret,exp01_gti-competencias_v0.1,exp01_gti-competencias_v1.0,"-    step 7 lider ""preenche o campo 'Data Inicial e Data Final' selecionando um lider da lista""	","+    step 7 lider ""preenche o campo 'Data Inicial e Data Final' informando as respectivas datas referente ao periodo""	"
24,src/RF010 - Gerenciar Periodos Avaliativos.claret,exp01_gti-competencias_v0.1,exp01_gti-competencias_v1.0,"-				   retorna feedback correspondente"" ef[1,2,3]	","+				   retorna feedback correspondente"" ef[1,2]	"
25,src/RF010 - Gerenciar Periodos Avaliativos.claret,exp01_gti-competencias_v0.1,exp01_gti-competencias_v1.0,"-    step 6 system ""exibe a listagem dos perfis de competencias sem o Periodo Avaliativo excluido""	","+    step 6 system ""exibe a listagem dos Periodos Avaliativos sem o Periodo Avaliativo excluido"" ef[3]	"
26,src/RF010 - Gerenciar Periodos Avaliativos.claret,exp01_gti-competencias_v0.1,exp01_gti-competencias_v1.0,"-    step 6 system ""exibe a listagem dos perfis de competencias com o Periodo Avaliativo excluido""	","+    step 6 system ""exibe a listagem dos Periodos Avaliativos com o Periodo Avaliativo excluido""	"
27,src/RF010 - Gerenciar Periodos Avaliativos.claret,exp01_gti-competencias_v0.1,exp01_gti-competencias_v1.0,"-  	step 1 usuarioNA ""acessa a funcionalidade de gestao de perfis de competencias a partir do menu inicial""	-  	step 2 system ""exibe a listagem dos perfis de competencias cadastrados apenas para visualizacao com a opcao 'Ajuda'""	","+  	step 1 usuarioNA ""acessa a funcionalidade de gestao de Periodos Avaliativos a partir do menu inicial""	+  	step 2 system ""exibe a listagem dos Periodos Avaliativos cadastrados apenas para visualizacao com a opcao 'Ajuda'""	"
28,src/RF010 - Gerenciar Periodos Avaliativos.claret,exp01_gti-competencias_v0.1,exp01_gti-competencias_v1.0,"-  postCondition ""A gestao de perfis de competencias e realizada com sucesso.""	","+  postCondition ""A gestao de Periodos Avaliativos e realizada com sucesso.""	"
29,src/RF011 - Gerenciar Competencias Portfolio.claret,exp01_gti-competencias_v0.1,exp01_gti-competencias_v1.0,"-  version ""0.1"" type ""Criacao"" user ""Aislan Fernandes"" date ""29/07/2020""	","+  version ""1.0"" type ""Final"" user ""Aislan Fernandes"" date ""29/07/2020""	"
30,src/RF011 - Gerenciar Competencias Portfolio.claret,exp01_gti-competencias_v0.1,exp01_gti-competencias_v1.0,"-				tem permissao para gerenciar competencias (portfolio).""	","+				tem permissao para gerenciar Competencias (Portfolio).""	"
31,src/RF011 - Gerenciar Competencias Portfolio.claret,exp01_gti-competencias_v0.1,exp01_gti-competencias_v1.0,"-    step 1 lider ""acessa a funcionalidade de gestao de competencias (portfolio) a partir do menu inicial"" af[4]	-    step 2 system ""exibe a listagem dos competencias (portfolio) cadastrados com opcoes de 'Novo', 'Editar', 'Excluir' e 'Ajuda'"" 	","+    step 1 lider ""acessa a funcionalidade de gestao de Competencias (Portfolio) a partir do menu inicial"" af[4]	+    step 2 system ""exibe a listagem dos Competencias (Portfolio) cadastrados com opcoes de 'Novo', 'Editar', 'Excluir' e 'Ajuda'"" 	"
32,src/RF011 - Gerenciar Competencias Portfolio.claret,exp01_gti-competencias_v0.1,exp01_gti-competencias_v1.0,"-    step 4 system ""apresenta o formulario para cadastro e alteracao de competecias (portfolio)""	","+    step 4 system ""apresenta o formulario para cadastro e alteracao de Competencias (Portfolio)""	"
33,src/RF011 - Gerenciar Competencias Portfolio.claret,exp01_gti-competencias_v0.1,exp01_gti-competencias_v1.0,"-				   retorna feedback correspondente"" ef[1,2,3]	","+				   retorna feedback correspondente"" ef[1,2]	"
34,src/RF011 - Gerenciar Competencias Portfolio.claret,exp01_gti-competencias_v0.1,exp01_gti-competencias_v1.0,"-  alternative 1 ""Editar competecias (portfolio) Existente"" {	-    step 1 lider ""seleciona um competecias (portfolio) da listagem""	-    step 2 system ""destaca o competecias (portfolio) selecionado na listagem""	-    step 3 lider ""clica na opcao 'Editar' para modificar o competecias (portfolio) selecionado"" bs 4	","+  alternative 1 ""Editar Competencias (Portfolio) Existente"" {	+    step 1 lider ""seleciona um Competencias (Portfolio) da listagem""	+    step 2 system ""destaca o Competencias (Portfolio) selecionado na listagem""	+    step 3 lider ""clica na opcao 'Editar' para modificar o Competencias (Portfolio) selecionado"" bs 4	"
35,src/RF011 - Gerenciar Competencias Portfolio.claret,exp01_gti-competencias_v0.1,exp01_gti-competencias_v1.0,"-  alternative 2 ""Confirmar Exclusao do competecias (portfolio)"" {	-  	step 1 lider ""seleciona um competecias (portfolio) da listagem""	-    step 2 system ""destaca o competecias (portfolio) selecionado na listagem""	-    step 3 lider ""clica na opcao 'Excluir' para excluir o competecias (portfolio) selecionado""	","+  alternative 2 ""Confirmar Exclusao do Competencias (Portfolio)"" {	+  	step 1 lider ""seleciona um Competencias (Portfolio) da listagem""	+    step 2 system ""destaca o Competencias (Portfolio) selecionado na listagem""	+    step 3 lider ""clica na opcao 'Excluir' para excluir o Competencias (Portfolio) selecionado""	"
36,src/RF011 - Gerenciar Competencias Portfolio.claret,exp01_gti-competencias_v0.1,exp01_gti-competencias_v1.0,"-    step 6 system ""exibe a listagem dos competencias (portfolio) sem o competecias (portfolio) excluido""	","+    step 6 system ""exibe a listagem dos Competencias (Portfolio) sem o Competencias (Portfolio) excluido"" ef[3]	"
37,src/RF011 - Gerenciar Competencias Portfolio.claret,exp01_gti-competencias_v0.1,exp01_gti-competencias_v1.0,"-  alternative 3 ""Negar Exclusao do competecias (portfolio)"" {	-  	step 1 lider ""seleciona um competecias (portfolio) da listagem""	-    step 2 system ""destaca o competecias (portfolio) selecionado na listagem""	-    step 3 lider ""clica na opcao 'Excluir' para excluir o competecias (portfolio) selecionado""	","+  alternative 3 ""Negar Exclusao do Competencias (Portfolio)"" {	+  	step 1 lider ""seleciona um Competencias (Portfolio) da listagem""	+    step 2 system ""destaca o Competencias (Portfolio) selecionado na listagem""	+    step 3 lider ""clica na opcao 'Excluir' para excluir o Competencias (Portfolio) selecionado""	"
38,src/RF011 - Gerenciar Competencias Portfolio.claret,exp01_gti-competencias_v0.1,exp01_gti-competencias_v1.0,"-    step 6 system ""exibe a listagem dos competencias (portfolio) com o competecias (portfolio) excluido""	","+    step 6 system ""exibe a listagem dos Competencias (Portfolio) com o Competencias (Portfolio) excluido""	"
39,src/RF011 - Gerenciar Competencias Portfolio.claret,exp01_gti-competencias_v0.1,exp01_gti-competencias_v1.0,"-  	step 1 usuarioNA ""acessa a funcionalidade de gestao de competencias (portfolio) a partir do menu inicial""	-  	step 2 system ""exibe a listagem dos competencias (portfolio) cadastrados apenas para visualizacao com a opcao 'Ajuda'""	","+  	step 1 usuarioNA ""acessa a funcionalidade de gestao de Competencias (Portfolio) a partir do menu inicial""	+  	step 2 system ""exibe a listagem dos Competencias (Portfolio) cadastrados apenas para visualizacao com a opcao 'Ajuda'""	"
40,src/RF011 - Gerenciar Competencias Portfolio.claret,exp01_gti-competencias_v0.1,exp01_gti-competencias_v1.0,"-  postCondition ""A gestao de competencias (portfolio) e realizada com sucesso.""	","+  postCondition ""A gestao de Competencias (Portfolio) e realizada com sucesso.""	"
41,src/RF012 - Ajuda.claret,exp01_gti-competencias_v0.1,exp01_gti-competencias_v1.0,,"+systemName ""GTI-Competencias""	+	+usecase ""RF012 - Ajuda"" {	+  version ""1.0"" type ""Criacao"" user ""Aislan Fernandes"" date ""20/07/2020""	+  actor lider ""Lider de Pessoas""	+  actor usuarioNA ""Usuario Nao-Autenticado""	+  preCondition ""Lider de Pessoas esta autenticado no sistema""	+	+  basic {	+    step 1 lider ""acessa a funcionalidade de gestao de Perfis de Competencias a partir do menu inicial"" af[1,2,3,4]	+    step 2 system ""exibe a listagem dos Perfis de Competencias cadastrados com opcoes de 'Novo', 'Editar', 'Excluir' e 'Ajuda'"" 	+    step 3 lider ""clica na opcao 'Ajuda' para visualizar a ajuda da gestao de Perfis de Competencias""	+    step 4 system ""apresenta um painel lateral com a ajuda contextual, dividido em quatro partes: 	+				   'Glossario', 'Funcionalidades', 'Validacoes' e 'Permissoes do Usuario'"" 	+  }	+  	+  alternative 1 ""Ajuda contextual na gestao de Periodos Avaliativos"" {	+  	step 1 lider ""acessa a funcionalidade de gestao de Periodos Avaliativos a partir do menu inicial""	+    step 2 system ""exibe a listagem dos Periodos Avaliativos cadastrados com opcoes de 'Novo', 'Editar', 'Excluir' e 'Ajuda'"" 	+    step 3 lider ""clica na opcao 'Ajuda' para visualizar a ajuda da gestao de Periodos Avaliativos"" bs 4	+  }	+  	+  alternative 2 ""Ajuda contextual na gestao de Competencias (portfolio)"" {	+  	step 1 lider ""acessa a funcionalidade de gestao de Competencias (portfolio) a partir do menu inicial""	+    step 2 system ""exibe a listagem das Competencias (portfolio) cadastradas com opcoes de 'Novo', 'Editar', 'Excluir' e 'Ajuda'"" 	+    step 3 lider ""clica na opcao 'Ajuda' para visualizar a ajuda da gestao de Competencias (portfolio)"" bs 4	+  }	+  	+  alternative 3 ""Ajuda contextual na gestao de Avaliacoes"" {	+  	step 1 lider ""acessa a funcionalidade de gestao de Avaliacoes a partir do menu inicial""	+    step 2 system ""exibe a listagem das Avaliacoes cadastradas com opcoes de 'Novo', 'Editar', 'Excluir' e 'Ajuda'"" 	+    step 3 lider ""clica na opcao 'Ajuda' para visualizar a ajuda da gestao de Avaliacoes"" bs 4	+  }	+  	+  alternative 4 ""Ajuda contextual na gestao de Niveis das Competencias"" {	+  	step 1 lider ""acessa a funcionalidade de gestao de Niveis das Competencias a partir do menu inicial""	+    step 2 system ""exibe a listagem dos Niveis das Competencias cadastradas com opcoes de 'Novo', 'Editar', 'Excluir' e 'Ajuda'"" 	+    step 3 lider ""clica na opcao 'Ajuda' para visualizar a ajuda da gestao de Niveis das Competencias"" bs 4	+  }	+ 	+  postCondition ""A Ajuda e apresentada com sucesso.""	+}	"
42,src/RF013 - Gerenciar Niveis das Competencias.claret,exp01_gti-competencias_v0.1,exp01_gti-competencias_v1.0,,"+systemName ""GTI-Competencias""	+	+usecase ""RF013 - Gerenciar Niveis das Competencias"" {	+  version ""1.0"" type ""Criacao"" user ""Aislan Fernandes"" date ""11/08/2020""	+  actor lider ""Lider de Pessoas""	+  actor usuarioNA ""Usuario Nao-Autenticado""	+  preCondition ""Lider de Pessoas esta autenticado no sistema e 	+				tem permissao para gerenciar Niveis das Competencias.""	+	+  basic {	+    step 1 lider ""acessa a funcionalidade de gestao de Niveis das Competencias a partir do menu inicial"" af[4]	+    step 2 system ""exibe a listagem dos Niveis das Competencias cadastrados com opcoes de 'Novo', 'Editar', 'Excluir' e 'Ajuda'"" 	+    step 3 lider ""clica na opcao 'Novo' para criar um novo Niveis das Competencias"" af[1,2,3]	+    step 4 system ""apresenta o formulario para cadastro e alteracao de Niveis das Competencias""	+    step 5 lider ""preenche o campo 'Nome' com dados validos""	+    step 6 system ""apresenta o campo 'Nome' preenchido corretamente""	+    step 7 lider ""preenche o campo 'Valor' com um numero inteiro referente a pontuacao a ser obtida no atendimento do respectivo nivel""	+    step 8 system ""apresenta o campo 'Valor' preenchido corretamente""	+    step 9 lider ""preenche o campo 'Descricao' com a descricao do nivel de competencia""	+    step 10 system ""apresenta o campo 'Descricao' preenchido corretamente""	+	step 11 lider ""clica na opcao 'Salvar'""	+    step 12 system ""realiza a acao conforme a opcao selecionada pelo usuario e 	+				   retorna feedback correspondente"" ef[1,2]	+  }	+	+  alternative 1 ""Editar Nivel das Competencias Existente"" {	+    step 1 lider ""seleciona um Nivel das Competencias da listagem""	+    step 2 system ""destaca o Nivel das Competencias selecionado na listagem""	+    step 3 lider ""clica na opcao 'Editar' para modificar o Nivel das Competencias selecionado"" bs 4	+  }	+  	+  alternative 2 ""Confirmar Exclusao do Nivel das Competencias"" {	+  	step 1 lider ""seleciona um Nivel das Competencias da listagem""	+    step 2 system ""destaca o Nivel das Competencias selecionado na listagem""	+    step 3 lider ""clica na opcao 'Excluir' para excluir o Nivel das Competencias selecionado""	+    step 4 system ""solicita confirmacao de exclusao""	+    step 5 lider ""confirma a exclusao do Nivel das Competencias""	+    step 6 system ""exibe a listagem dos Niveis das Competencias sem o Nivel das Competencias excluido"" ef[3]	+  }	+	+  alternative 3 ""Negar Exclusao do Nivel das Competencias"" {	+  	step 1 lider ""seleciona um Nivel das Competencias da listagem""	+    step 2 system ""destaca o Nivel das Competencias selecionado na listagem""	+    step 3 lider ""clica na opcao 'Excluir' para excluir o Nivel das Competencias selecionado""	+    step 4 system ""solicita confirmacao de exclusao""	+    step 5 lider ""nao confirma a exclusao do Nivel das Competencias""	+    step 6 system ""exibe a listagem dos Niveis das Competencias com o Nivel das Competencias excluido""	+  }	+  	+  alternative 4 ""Modo de visualizacao para usuarios nao-autenticados"" {	+  	step 1 usuarioNA ""acessa a funcionalidade de gestao de Niveis das Competencias a partir do menu inicial""	+  	step 2 system ""exibe a listagem dos Niveis das Competencias cadastrados apenas para visualizacao com a opcao 'Ajuda'""	+  }	+	+  exception 1 ""Falha ao Salvar o Novo Nivel das Competencias"" {	+    step 1 system ""exibe uma mensagem de erro ao tentar salvar o novo Nivel das Competencias, informando o campo ou a validacao que falhou""	+  }	+	+  exception 2 ""Erro ao Editar Nivel das Competencias"" {	+    step 1 system ""exibe uma mensagem de erro ao tentar editar o Nivel das Competencias, informando o campo ou a validacao que falhou""	+  }	+	+  exception 3 ""Falha na Exclusao do Nivel das Competencias"" {	+    step 1 system ""exibe uma mensagem de erro ao tentar excluir o Nivel das Competencias""	+  }	+	+  postCondition ""A gestao de Niveis das Competencias e realizada com sucesso.""	+}	"
43,src/RF005 - Visualizar Status do Processo.claret,exp01_gti-competencias_v1.0,exp01_gti-competencias_v1.1,,"+systemName ""GTI-Competencias""	+	+usecase ""RF005 - Visualizar Status do Processo"" {	+  version ""1.1"" type ""Criacao"" user ""Aislan Fernandes"" date ""08/10/2020""	+  actor usuarioNA ""Usuario Nao-Autenticado""	+  preCondition ""Usuario nao-autenticado no sistema se encontra na tela inicial do sistema""  	+  basic {	+    step 1 usuarioNA ""acessa a funcionalidade para visualizar o status do PGDC""	+    step 2 system ""apresenta o campo 'Periodo Avaliativo' para ser escolhido pelo usuario"" ef[1]	+    step 3 usuarioNA ""escolhe no campo 'Periodo Avaliativo' o ano correspondente""	+    step 4 system ""exibe na pagina uma tabela contendo as informacoes (basicamente listagem dos perfis de competencias - cf. RF006): 	+                   Perfil de Competencias; Unidade de Trabalho; Gerente do Desempenho; e, Situacao.""	+  }	+  exception 1 ""Nao existem Periodos Avaliativos Cadastrados"" {	+  	step 1 system ""exibe uma mensagem de erro informando que nao existem Periodos Avaliativos cadastrados""	+  }	+  postCondition ""Usuario visualiza a tabela das Permissoes concedidas ao seu usuario""	+}	"
44,src/RF006 - Gerenciar Perfis de Competencias.claret,exp01_gti-competencias_v1.0,exp01_gti-competencias_v1.1,"-  alternative 1 ""Editar Perfil de Competencias de Competencias Existente"" {	","+  alternative 1 ""Editar Perfil de Competencias Existente"" {	"
45,src/RF008 - Gerenciar Respostas de Avaliacoes.claret,exp01_gti-competencias_v1.0,exp01_gti-competencias_v1.1,,"+systemName ""GTI-Competencias""	+	+usecase ""RF008 - Gerenciar Respostas de Avaliacoes"" {	+  version ""1.1"" type ""Criacao"" user ""Aislan Fernandes"" date ""03/12/2020""	+  actor avaliador ""Avaliador de Pessoas""	+  preCondition ""Avaliador de Pessoas esta autenticado no sistema; e, tem permissao para gerenciar Respostas de Avaliacoes""	+	+  basic {	+    step 1 avaliador ""acessa a funcionalidade de Avaliacoes a partir do menu inicial""	+    step 2 system ""exibe a listagem das Avaliacoes cadastradas com a opcao 'Formulario' dentre as varias listadas"" 	+    step 3 avaliador ""com uma avaliacao selecionada, clica na opcao 'Formulario' para criar uma nova Avaliacao""	+    step 4 system ""apresenta o formulario para cadastro e alteracao de Respostas de Avaliacao"" ef[1]	+    step 5 avaliador  ""seleciona o 'Nivel da Competencia' da Avaliacao (1 a 4) para cada Perfil de Competencias avaliado""	+    step 6 system ""apresenta o campo 'Nivel da Competencia' preenchido corretamente""	+    step 7 avaliador ""adiciona 'Apontamentos' sobre a avaliacao para cada Perfil de Competencias avaliado""	+    step 8 system ""apresenta os 'Apontamentos' preenchidos corretamente""	+	step 9 avaliador ""clica na opcao 'Salvar'"" af[1]	+    step 10 system ""realiza a acao conforme a opcao selecionada pelo usuario e 	+				   retorna feedback correspondente"" ef[2,3]	+  }	+	+  exception 1 ""Nao e um dos avaliadores"" {	+    step 1 system ""exibe uma mensagem de erro informando ao usuario que nao e um dos avaliadores""	+  }	+  	+  exception 2 ""Falha ao Salvar a nova Avaliacao"" {	+    step 1 system ""exibe uma mensagem de erro ao tentar salvar, informando o campo ou a validacao que falhou""	+  }	+	+  exception 3 ""Erro ao Editar Avaliacao"" {	+    step 1 system ""exibe uma mensagem de erro ao tentar editar, informando o campo ou a validacao que falhou""	+  }	+  	+  alternative 1 ""Resolve 'limpar' a Resposta de Avaliacao"" {	+    step 1 avaliador ""clica na opcao 'Excluir' para cada Perfil de Competencias avaliado""	+    step 2 system ""limpa os campos apresentados 'Nivel da Competencia' e 'Apontamentos' apresentados na tela para cada Perfil de Competencias avaliado""	+    step 5 avaliador ""verifica que os campos 'Nivel da Competencia' e 'Apontamentos' estao limpos"" bs 5 	+  }	+	+  postCondition ""A gestao de Respostas de Avaliacoes e realizada com sucesso.""	+}	"
46,src/RF009 - Gerenciar Resultados de Avaliacoes.claret,exp01_gti-competencias_v1.0,exp01_gti-competencias_v1.1,,"+systemName ""GTI-Competencias""	+	+usecase ""RF009 - Gerenciar Resultados de Avaliacoes"" {	+  version ""1.1"" type ""Criacao"" user ""Aislan Fernandes"" date ""30/11/2020""	+  actor lider ""Lider de Pessoas""	+  preCondition ""Lider de Pessoas esta autenticado no sistema; e, tem permissao para gerenciar Resultados de Avaliacoes""	+	+  basic {	+    step 1 lider ""acessa a funcionalidade de Avaliacoes a partir do menu inicial""	+    step 2 system ""exibe a listagem das Avaliacoes cadastradas com a opcao 'Resultado' dentre as varias listadas"" 	+    step 3 lider ""com uma avaliacao selecionada, clica na opcao 'Resultados' para efetivar o feedback""	+    step 4 system ""apresenta o formulario para cadastro da Ata de Reuniao""	+    step 5 lider  ""seleciona o 'Ata de Reuniao de Feedback' da Avaliacao (1 a 4) para cada Perfil de Competencias avaliado""	+    step 6 system ""apresenta o campo 'Ata de Reuniao de Feedback' preenchido corretamente""	+	step 7 lider ""clica na opcao 'Salvar'"" af[1]	+    step 8 system ""realiza a acao conforme a opcao selecionada pelo usuario e 	+				   retorna feedback correspondente"" ef[1,2]	+  }	+	+  exception 1 ""Falha ao Salvar a nova Avaliacao"" {	+    step 1 system ""exibe uma mensagem de erro ao tentar salvar, informando o campo ou a validacao que falhou""	+  }	+	+  exception 2 ""Erro ao Editar Avaliacao"" {	+    step 1 system ""exibe uma mensagem de erro ao tentar editar, informando o campo ou a validacao que falhou""	+  }	+  	+  alternative 1 ""Encerrar definitivamente"" {	+    step 1 lider ""clica na opcao 'Encerrar' para a Avaliacao de Competencias""	+    step 2 system ""apresenta o campo 'Ata de Reuniao de Feedback'""	+  }	+	+  postCondition ""A gestao de Resultados de Avaliacoes e realizada com sucesso.""	+}	"
47,src/RF011 - Gerenciar Competencias Portfolio.claret,exp01_gti-competencias_v1.0,exp01_gti-competencias_v1.1,"-    step 2 system ""exibe a listagem dos Competencias (Portfolio) cadastrados com opcoes de 'Novo', 'Editar', 'Excluir' e 'Ajuda'"" 	","+    step 2 system ""exibe a listagem das Competencias (Portfolio) cadastradas com opcoes de 'Novo', 'Editar', 'Excluir' e 'Ajuda'"" 	"
48,src/RF011 - Gerenciar Competencias Portfolio.claret,exp01_gti-competencias_v1.0,exp01_gti-competencias_v1.1,"-    step 2 system ""destaca o Competencias (Portfolio) selecionado na listagem""	-    step 3 lider ""clica na opcao 'Editar' para modificar o Competencias (Portfolio) selecionado"" bs 4	","+    step 2 system ""destaca a Competencia (Portfolio) selecionada na listagem""	+    step 3 lider ""clica na opcao 'Editar' para modificar a Competencia (Portfolio) selecionada"" bs 4	"
49,src/RF011 - Gerenciar Competencias Portfolio.claret,exp01_gti-competencias_v1.0,exp01_gti-competencias_v1.1,"-  alternative 2 ""Confirmar Exclusao do Competencias (Portfolio)"" {	","+  alternative 2 ""Confirmar Exclusao da Competencia (Portfolio)"" {	"
50,src/RF011 - Gerenciar Competencias Portfolio.claret,exp01_gti-competencias_v1.0,exp01_gti-competencias_v1.1,"-    step 2 system ""destaca o Competencias (Portfolio) selecionado na listagem""	-    step 3 lider ""clica na opcao 'Excluir' para excluir o Competencias (Portfolio) selecionado""	","+    step 2 system ""destaca a Competencia (Portfolio) selecionada na listagem""	+    step 3 lider ""clica na opcao 'Excluir' para excluir a Competencia (Portfolio) selecionada""	"
51,src/RF011 - Gerenciar Competencias Portfolio.claret,exp01_gti-competencias_v1.0,exp01_gti-competencias_v1.1,"-    step 6 system ""exibe a listagem dos Competencias (Portfolio) sem o Competencias (Portfolio) excluido"" ef[3]	","+    step 6 system ""exibe a listagem das Competencias (Portfolio) sem a Competencia (Portfolio) excluida"" ef[3]	"
52,src/RF011 - Gerenciar Competencias Portfolio.claret,exp01_gti-competencias_v1.0,exp01_gti-competencias_v1.1,"-  alternative 3 ""Negar Exclusao do Competencias (Portfolio)"" {	","+  alternative 3 ""Negar Exclusao da Competencia (Portfolio)"" {	"
53,src/RF011 - Gerenciar Competencias Portfolio.claret,exp01_gti-competencias_v1.0,exp01_gti-competencias_v1.1,"-    step 2 system ""destaca o Competencias (Portfolio) selecionado na listagem""	-    step 3 lider ""clica na opcao 'Excluir' para excluir o Competencias (Portfolio) selecionado""	","+    step 2 system ""destaca a Competencia (Portfolio) selecionada na listagem""	+    step 3 lider ""clica na opcao 'Excluir' para excluir a Competencia (Portfolio) selecionada""	"
54,src/RF011 - Gerenciar Competencias Portfolio.claret,exp01_gti-competencias_v1.0,exp01_gti-competencias_v1.1,"-    step 6 system ""exibe a listagem dos Competencias (Portfolio) com o Competencias (Portfolio) excluido""	","+    step 6 system ""exibe a listagem das Competencias (Portfolio) com a Competencia (Portfolio) excluida""	"
55,src/RF011 - Gerenciar Competencias Portfolio.claret,exp01_gti-competencias_v1.0,exp01_gti-competencias_v1.1,"-  	step 2 system ""exibe a listagem dos Competencias (Portfolio) cadastrados apenas para visualizacao com a opcao 'Ajuda'""	","+  	step 2 system ""exibe a listagem das Competencias (Portfolio) cadastradas apenas para visualizacao com a opcao 'Ajuda'""	"
56,src/RF014 - Administrador de Dados.claret,exp01_gti-competencias_v1.0,exp01_gti-competencias_v1.1,,"+systemName ""GTI-Competencias""	+	+usecase ""RF014 - Administrador de Dados"" {	+  version ""1.1"" type ""Criacao"" user ""Aislan Fernandes"" date ""02/12/2020""	+  actor admin ""Administrador""	+  preCondition ""Administrador esta autenticado no sistema; e, tem permissao para alterar Gerente de Desempenho""	+	+  basic {	+    step 1 admin ""acessa a funcionalidade de Catalogo (Perfis) de Competencias a partir do menu inicial""	+    step 2 system ""exibe a listagem das Catalogo (Perfis) de Competencias cadastradas com a opcao 'Alterar Gerente' dentre as varias listadas"" 	+    step 3 admin ""com um perfil selecionado, clica na opcao 'Alterar Gerente' para efetivar a mudanca""	+    step 4 system ""apresenta o formulario para cadastro do novo Gerente de Desempenho""	+    step 5 admin  ""preenche o campo 'Login do Novo Gerente de Desempenho' do novo Gerente de Desempenho para o Perfil de Competencias ""	+    step 6 system ""apresenta o campo 'Login do Novo Gerente de Desempenho' preenchido corretamente""	+	step 7 admin ""clica na opcao 'Confirmar'"" af[1]	+    step 8 system ""realiza a acao conforme a opcao selecionada pelo usuario e 	+				   retorna feedback correspondente"" ef[1,2]	+  }	+	+  exception 1 ""Falha ao Salvar o novo Gerente de Desempenho"" {	+    step 1 system ""exibe uma mensagem de erro ao tentar salvar, informando o campo ou a validacao que falhou""	+  }	+  	+  alternative 1 ""Encerrar definitivamente"" {	+    step 1 admin ""clica na opcao 'Cancelar'""	+    step 2 system ""apresenta o Catalogo (Perfis) de Competencias cadastradas sem nenhuma alteracao""	+  }	+	+  postCondition ""A alteracao do Gerente de Desempenho e realizada com sucesso.""	+}	"
57,src/RF004 - Visualizar Painel do Desempenho.claret,exp01_gti-competencias_v1.1,exp01_gti-competencias_v1.2,"-usecase ""RF005 - Visualizar Status do Processo"" {	-  version ""1.1"" type ""Criacao"" user ""Aislan Fernandes"" date ""08/10/2020""	","+usecase ""RF004 - Visualizar Painel do Desempenho"" {	+  version ""1.2"" type ""Criacao"" user ""Aislan Fernandes"" date ""17/05/2021""	"
58,src/RF004 - Visualizar Painel do Desempenho.claret,exp01_gti-competencias_v1.1,exp01_gti-competencias_v1.2,"-  preCondition ""Usuario nao-autenticado no sistema se encontra na tela inicial do sistema""  	","+  preCondition ""Usuario nao-autenticado no sistema""  	"
59,src/RF004 - Visualizar Painel do Desempenho.claret,exp01_gti-competencias_v1.1,exp01_gti-competencias_v1.2,"-    step 1 usuarioNA ""acessa a funcionalidade para visualizar o status do PGDC""	","+    step 1 usuarioNA ""acessa a tela inicial do sistema"" af[1]	"
60,src/RF004 - Visualizar Painel do Desempenho.claret,exp01_gti-competencias_v1.1,exp01_gti-competencias_v1.2,"-    step 4 system ""exibe na pagina uma tabela contendo as informacoes (basicamente listagem dos perfis de competencias - cf. RF006): 	-                   Perfil de Competencias; Unidade de Trabalho; Gerente do Desempenho; e, Situacao.""	","+    step 4 system ""exibe na pagina uma tabela contendo as informacoes (basicamente listagem das unidades) do estado de realizacao do PGPD, nas fases: 	+                   Responsavel (Unidade), Competencias, Avaliacoes.""	"
61,src/RF004 - Visualizar Painel do Desempenho.claret,exp01_gti-competencias_v1.1,exp01_gti-competencias_v1.2,,"+  	+  alternative 1 ""Retornando a tela inicial pelo menu do sistema"" {	+  	step 1 usuarioNA ""acessa a opcao 'Inicio (Painel)'"" bs 2	+  }	+  	"
62,src/RF004 - Visualizar Painel do Desempenho.claret,exp01_gti-competencias_v1.1,exp01_gti-competencias_v1.2,,+  	
63,src/RF009 - Gerenciar Resultados de Avaliacoes.claret,exp01_gti-competencias_v1.1,exp01_gti-competencias_v1.2,"-    step 3 lider ""com uma avaliacao selecionada, clica na opcao 'Resultados' para efetivar o feedback""	","+    step 3 lider ""com uma avaliacao selecionada, clica na opcao 'Resultado' para efetivar o feedback""	"
64,src/RF009 - Gerenciar Resultados de Avaliacoes.claret,exp01_gti-competencias_v1.1,exp01_gti-competencias_v1.2,"-	step 7 lider ""clica na opcao 'Salvar'"" af[1]	-    step 8 system ""realiza a acao conforme a opcao selecionada pelo usuario e 	","+    step 7 lider ""verifica a presenca (somente leitura) do detalhe de cada competencia avaliada""	+    step 8 system ""apresenta os detalhes de cada competencia, incluindo: 	+                   - a descricao da competencia;	+                   - o valor da autoavaliacao, a media das notas dos avaliadores e o valor da meta do avaliado;	+                   - os niveis de avaliacao para aquela competencia; e,	+                   - os apontamentos.""	+	step 9 lider ""clica na opcao 'Salvar'"" af[1]	+    step 10 system ""realiza a acao conforme a opcao selecionada pelo usuario e 	"
65,src/RF014 - Administrador de Dados.claret,exp01_gti-competencias_v1.1,exp01_gti-competencias_v1.2,"-    step 1 admin ""acessa a funcionalidade de Catalogo (Perfis) de Competencias a partir do menu inicial""	-    step 2 system ""exibe a listagem das Catalogo (Perfis) de Competencias cadastradas com a opcao 'Alterar Gerente' dentre as varias listadas"" 	","+    step 1 admin ""acessa a funcionalidade de 'Catalogo (Perfis) de Competencias' a partir do menu inicial""	+    step 2 system ""exibe a listagem do Catalogo (Perfis) de Competencias cadastradas com a opcao 'Alterar Gerente' dentre as varias listadas"" 	"
66,src/RF015 - Gerenciar Planos de Capacitacao de TI.claret,exp01_gti-competencias_v1.1,exp01_gti-competencias_v1.2,,"+systemName ""GTI-Competencias""	+	+usecase ""RF015 - Gerenciar Planos de Capacitacao de TI"" {	+  version ""1.2"" type ""Criacao"" user ""Aislan Fernandes"" date ""23/05/2021""	+  actor lider ""Lider de Pessoas""	+  actor usuarioNA ""Usuario Nao-Autenticado""	+  preCondition ""Lider de Pessoas esta autenticado no sistema e 	+				tem permissao para gerenciar Planos de Capacitacao de TI.""	+	+  basic {	+    step 1 lider ""acessa a funcionalidade de gestao de Planos de Capacitacao de TI a partir do menu inicial"" af[4]	+    step 2 system ""exibe a listagem das Planos de Capacitacao de TI cadastradas com opcoes de 'Novo', 'Editar', 'Excluir' e 'Ajuda'"" 	+    step 3 lider ""clica na opcao 'Novo' para criar uma nova Capacitacao de TI"" af[1,2,3]	+    step 4 system ""apresenta o formulario para cadastro e alteracao de Planos de Capacitacao de TI""	+    step 5 lider ""escolha o 'Periodo Avaliativo' apropriado no campo de selecao""	+	step 6 system ""exibe o 'Periodo Avaliativo' selecionado corretamente""	+	step 7 lider ""selecione a 'Unidade' correspondente no campo de selecao de unidade""	+	step 8 system ""exibe o campo 'Unidade' preenchido corretamente""	+	step 9 lider ""preencha o campo 'Possiveis Capacitacoes' com informacoes sobre capacitacoes adicionais""	+	step 10 system ""exibe o campo 'Possiveis Capacitacoes' preenchido corretamente""	+	step 11 lider ""preencha o campo 'Observacao' com informacoes adicionais ou relevantes sobre o plano de capacitacao""	+	step 12 system ""exibe o campo 'Observacao' preenchido corretamente""	+	step 13 lider ""seleciona as 'Pessoas' que farao parte do plano de capacitacao""	+	step 14 system ""exibe as 'Pessoas' escolhidas corretamente na lista 'Selecionadas'""	+	step 15 lider ""seleciona as 'Competencias' a serem trabalhadas no plano de capacitacao""	+	step 16 system ""exibe as 'Competencias' selecionadas corretamente na lista 'Selecionadas'""	+	step 17 lider ""clica na opcao 'Salvar'""	+    step 18 system ""realiza a acao conforme a opcao selecionada pelo usuario e 	+				   retorna feedback correspondente"" ef[1,2]	+  }	+	+  alternative 1 ""Editar Planos de Capacitacao de TI Existente"" {	+    step 1 lider ""seleciona um Planos de Capacitacao de TI da listagem""	+    step 2 system ""destaca a Capacitacao de TI selecionada na listagem""	+    step 3 lider ""clica na opcao 'Editar' para modificar a Capacitacao de TI selecionada"" bs 4	+  }	+  	+  alternative 2 ""Confirmar Exclusao da Capacitacao de TI"" {	+  	step 1 lider ""seleciona um Planos de Capacitacao de TI da listagem""	+    step 2 system ""destaca a Capacitacao de TI selecionada na listagem""	+    step 3 lider ""clica na opcao 'Excluir' para excluir a Capacitacao de TI selecionada""	+    step 4 system ""solicita confirmacao de exclusao mostrando o nome da Capacitacao de TI""	+    step 5 lider ""confirma a exclusao da Capacitacao de TI""	+    step 6 system ""exibe a listagem das Planos de Capacitacao de TI sem a Capacitacao de TI excluida"" ef[3,4]	+  }	+	+  alternative 3 ""Negar Exclusao da Capacitacao de TI"" {	+  	step 1 lider ""seleciona um Planos de Capacitacao de TI da listagem""	+    step 2 system ""destaca a Capacitacao de TI selecionada na listagem""	+    step 3 lider ""clica na opcao 'Excluir' para excluir a Capacitacao de TI selecionada""	+    step 4 system ""solicita confirmacao de exclusao mostrando o nome da Capacitacao de TI""	+    step 5 lider ""nao confirma a exclusao da Capacitacao de TI""	+    step 6 system ""exibe a listagem das Planos de Capacitacao de TI com a Capacitacao de TI excluida""	+  }	+  	+  alternative 4 ""Modo de visualizacao para usuarios nao-autenticados"" {	+  	step 1 usuarioNA ""acessa a funcionalidade de gestao de Planos de Capacitacao de TI a partir do menu inicial""	+  	step 2 system ""exibe a listagem das Planos de Capacitacao de TI cadastradas apenas para visualizacao com a opcao 'Ajuda'""	+  }	+	+  exception 1 ""Falha ao Salvar a nova Capacitacao de TI"" {	+    step 1 system ""exibe uma mensagem de erro ao tentar salvar a nova Capacitacao de TI, informando o campo ou a validacao que falhou""	+  }	+	+  exception 2 ""Erro ao Editar Capacitacao de TI"" {	+    step 1 system ""exibe uma mensagem de erro ao tentar editar a Capacitacao de TI, informando o campo ou a validacao que falhou""	+  }	+	+  exception 3 ""Falha na Exclusao da Capacitacao de TI"" {	+    step 1 system ""exibe uma mensagem de erro ao tentar excluir a Capacitacao de TI""	+  }	+  	+  exception 4 ""Falha na Exclusao do Avaliacao: nao e o lider"" {	+    step 1 system ""exibe uma mensagem de erro ao tentar excluir a Avaliacao informando que o usuario nao e o lider""	+  }	+	+  postCondition ""A gestao de Planos de Capacitacao de TI e realizada com sucesso.""	+}	"
67,src/RF018 - Gerenciar Metas de Desempenho.claret,exp01_gti-competencias_v1.1,exp01_gti-competencias_v1.2,,"+systemName ""GTI-Competencias""	+	+usecase ""RF018 - Gerenciar Metas de Desempenho"" {	+  version ""1.2"" type ""Criacao"" user ""Aislan Fernandes"" date ""13/05/2021""	+  actor lider ""Lider de Pessoas""	+  preCondition ""Lider de Pessoas esta autenticado no sistema; e, tem permissao para gerenciar Metas de Desempenho""	+	+  basic {	+    step 1 lider ""acessa a funcionalidade de Avaliacoes a partir do menu inicial""	+    step 2 system ""exibe a listagem das Avaliacoes cadastradas com a opcao 'Editar' dentre as varias listadas"" 	+    step 3 lider ""com uma avaliacao selecionada, clica na opcao 'Editar' modificar a Avaliacao de Desempenho""	+    step 4 system ""apresenta o formulario com o campo 'Metas' constando cada Competencia do perfil avaliado""	+    step 5 lider  ""altera o valor da 'Meta' para cada Competencia listada do perfil avaliado na Avaliacao atual (valores padrao de 1 a 4)""	+    step 6 system ""apresenta o campo 'Meta' para cada Competencia listada do perfil avaliado na Avaliacao preenchido corretamente""	+	step 7 lider ""clica na opcao 'Salvar'""	+    step 8 system ""realiza a acao conforme a opcao selecionada pelo usuario e 	+				   retorna feedback correspondente"" ef[1]	+  }	+	+  exception 1 ""Erro ao Editar Avaliacao"" {	+    step 1 system ""exibe uma mensagem de erro ao tentar editar, informando o campo ou a validacao que falhou""	+  }	+	+  postCondition ""A gestao de Metas de Desempenho e realizada com sucesso.""	+}	"
68,src/RF004 - Visualizar Painel do Desempenho.claret,exp01_gti-competencias_v1.2,exp01_gti-competencias_v1.3,"-    step 4 system ""exibe na pagina uma tabela contendo as informacoes (basicamente listagem das unidades) do estado de realizacao do PGPD, nas fases: 	-                   Responsavel (Unidade), Competencias, Avaliacoes.""	","+    step 4 system ""exibe na pagina uma tabela contendo as informacoes do estado de realizacao do PGPD naquele Periodo Avaliativo: 	+                   - Grafico com o resumo da situacao das competencias (para avaliar, avaliadas, para capacitar e capacitadas)	+                   - Grafico com o resumo da situacao das unidades (sem/com competencias mapeadas, sem/com avaliacoes pendentes e sem/com capacitacoes planejadas) 	+                   - Tabela com: Responsavel (Unidade), Competencias, Avaliacoes.""	"
69,src/RF001 - Autenticar Usuario.claret,exp01_gti-competencias_v1.3,exp01_gti-competencias_v1.4,"-    step 1 sysUser ""inicia a tela de login atraves da opcao de Login no canto superior direito""	","+    step 1 sysUser ""abre a tela de login atraves da opcao de Login no canto superior direito""	"
70,src/RF001 - Autenticar Usuario.claret,exp01_gti-competencias_v1.3,exp01_gti-competencias_v1.4,"-  alternative 1 ""Nome de usuario e previsto pelo navegador"" {	","+  alternative 1 ""Nome de usuario e preenchido automaticamente pelo navegador"" {	"
71,src/RF002 - Realizar logout.claret,exp01_gti-competencias_v1.3,exp01_gti-competencias_v1.4,"-    step 1 sysUser ""clica na opcao de Logout atraves da opcao disponivel no canto superior direito""	","+    step 1 sysUser ""clica na opcao de Logout disponivel no canto superior direito""	"
72,src/RF004 - Visualizar Painel do Desempenho.claret,exp01_gti-competencias_v1.3,exp01_gti-competencias_v1.4,"-    step 4 system ""exibe na pagina uma tabela contendo as informacoes do estado de realizacao do PGPD naquele Periodo Avaliativo: 	","+    step 4 system ""exibe na pagina as informacoes sobre o estado de realizacao do PGPD naquele Periodo Avaliativo: 	"
73,src/RF006 - Gerenciar Perfis de Competencias.claret,exp01_gti-competencias_v1.3,exp01_gti-competencias_v1.4,"-  alternative 3 ""Negar Exclusao do Perfil de Competencias"" {	","+  alternative 3 ""Nao Confirmar Exclusao do Perfil de Competencias"" {	"
74,src/RF007 - Gerenciar Avaliacoes.claret,exp01_gti-competencias_v1.3,exp01_gti-competencias_v1.4,"-    step 2 system ""exibe a listagem dos Avaliacoes cadastrados com opcoes de 'Novo', 'Editar', 'Excluir' e 'Ajuda'"" 	","+    step 2 system ""exibe a listagem das Avaliacoes cadastradas com opcoes de 'Novo', 'Editar', 'Excluir' e 'Ajuda'"" 	"
75,src/RF007 - Gerenciar Avaliacoes.claret,exp01_gti-competencias_v1.3,exp01_gti-competencias_v1.4,"-    step 12 system ""apresenta em 'Metas' os campos 'Nivel' preenchido corretamente""              	","+    step 12 system ""apresenta em 'Metas' os campos 'Nivel' preenchidos corretamente""              	"
76,src/RF007 - Gerenciar Avaliacoes.claret,exp01_gti-competencias_v1.3,exp01_gti-competencias_v1.4,"-    step 4 system ""apresenta o formulario para e alteracao de Avaliacao""	-    step 5 lider ""verifica que os campos 'Periodo Avaliativo', 'Perfil' e 'Avaliado' somente leitura"" bs 11	","+    step 4 system ""apresenta o formulario para e alteracao da Avaliacao""	+    step 5 lider ""verifica que os campos 'Periodo Avaliativo', 'Perfil' e 'Avaliado' estao em modo somente leitura"" bs 11	"
77,src/RF007 - Gerenciar Avaliacoes.claret,exp01_gti-competencias_v1.3,exp01_gti-competencias_v1.4,"-  alternative 2 ""Confirmar Exclusao do Avaliacao"" {	","+  alternative 2 ""Confirmar Exclusao da Avaliacao"" {	"
78,src/RF007 - Gerenciar Avaliacoes.claret,exp01_gti-competencias_v1.3,exp01_gti-competencias_v1.4,"-    step 6 system ""exibe a listagem dos Avaliacoes sem o Avaliacao excluido"" ef[3,4]	","+    step 6 system ""exibe a listagem das Avaliacoes sem a Avaliacao excluida"" ef[3,4]	"
79,src/RF007 - Gerenciar Avaliacoes.claret,exp01_gti-competencias_v1.3,exp01_gti-competencias_v1.4,"-  alternative 3 ""Negar Exclusao do Avaliacao"" {	","+  alternative 3 ""Nao Confirmar a Exclusao da Avaliacao"" {	"
80,src/RF007 - Gerenciar Avaliacoes.claret,exp01_gti-competencias_v1.3,exp01_gti-competencias_v1.4,"-    step 6 system ""exibe a listagem dos Avaliacoes com o Avaliacao excluido""	","+    step 6 system ""exibe a listagem das Avaliacoes com a Avaliacao nao excluida""	"
81,src/RF008 - Gerenciar Respostas de Avaliacoes.claret,exp01_gti-competencias_v1.3,exp01_gti-competencias_v1.4,"-  preCondition ""Avaliador de Pessoas esta autenticado no sistema; e, tem permissao para gerenciar Respostas de Avaliacoes""	","+  preCondition ""Avaliador de Pessoas esta autenticado no sistema e tem permissao para gerenciar Respostas de Avaliacoes""	"
82,src/RF008 - Gerenciar Respostas de Avaliacoes.claret,exp01_gti-competencias_v1.3,exp01_gti-competencias_v1.4,"-				   retorna feedback correspondente"" ef[2,3]	","+				    retorna feedback correspondente"" ef[2,3]	"
83,src/RF008 - Gerenciar Respostas de Avaliacoes.claret,exp01_gti-competencias_v1.3,exp01_gti-competencias_v1.4,"-    step 2 system ""limpa os campos apresentados 'Nivel da Competencia' e 'Apontamentos' apresentados na tela para cada Perfil de Competencias avaliado""	-    step 5 avaliador ""verifica que os campos 'Nivel da Competencia' e 'Apontamentos' estao limpos"" bs 5 	","+    step 2 system ""limpa os campos 'Nivel da Competencia' e 'Apontamentos' exibidos na tela para cada Perfil de Competencias avaliado""	+    step 3 avaliador ""verifica que os campos 'Nivel da Competencia' e 'Apontamentos' estao limpos"" bs 5 	"
84,src/RF009 - Gerenciar Resultados de Avaliacoes.claret,exp01_gti-competencias_v1.3,exp01_gti-competencias_v1.4,"-    step 5 lider  ""seleciona o 'Ata de Reuniao de Feedback' da Avaliacao (1 a 4) para cada Perfil de Competencias avaliado""	","+    step 5 lider  ""preenche a 'Ata de Reuniao de Feedback' da Avaliacao para cada Perfil de Competencias avaliado""	"
85,src/RF010 - Gerenciar Periodos Avaliativos.claret,exp01_gti-competencias_v1.3,exp01_gti-competencias_v1.4,"-    step 7 lider ""preenche o campo 'Data Inicial e Data Final' informando as respectivas datas referente ao periodo""	-    step 8 system ""apresenta o campo 'Data Inicial e Data Final' preenchido corretamente""	-	step 17 lider ""clica na opcao 'Salvar'""	-    step 18 system ""realiza a acao conforme a opcao selecionada pelo usuario e 	","+    step 7 lider ""preenche o campo 'Data Inicial' e 'Data Final' informando as respectivas datas referentes ao periodo""	+    step 8 system ""apresenta o campo 'Data Inicial' e 'Data Final' preenchido corretamente""	+	step 9 lider ""clica na opcao 'Salvar'""	+    step 10 system ""realiza a acao conforme a opcao selecionada pelo usuario e 	"
86,src/RF010 - Gerenciar Periodos Avaliativos.claret,exp01_gti-competencias_v1.3,exp01_gti-competencias_v1.4,"-  alternative 3 ""Negar Exclusao do Periodo Avaliativo"" {	","+  alternative 3 ""Nao Confirmar Exclusao do Periodo Avaliativo"" {	"
87,src/RF010 - Gerenciar Periodos Avaliativos.claret,exp01_gti-competencias_v1.3,exp01_gti-competencias_v1.4,"-    step 6 system ""exibe a listagem dos Periodos Avaliativos com o Periodo Avaliativo excluido""	","+    step 6 system ""exibe a listagem dos Periodos Avaliativos com o Periodo Avaliativo nao excluido""	"
88,src/RF011 - Gerenciar Competencias Portfolio.claret,exp01_gti-competencias_v1.3,exp01_gti-competencias_v1.4,"-    step 3 lider ""clica na opcao 'Novo' para criar um nova Competencia (portfolio)"" af[1,2,3]	","+    step 3 lider ""clica na opcao 'Novo' para criar uma nova Competencia (portfolio)"" af[1,2,3]	"
89,src/RF011 - Gerenciar Competencias Portfolio.claret,exp01_gti-competencias_v1.3,exp01_gti-competencias_v1.4,"-    step 1 lider ""seleciona um Competencias (Portfolio) da listagem""	","+    step 1 lider ""seleciona uma Competencias (Portfolio) da listagem""	"
90,src/RF011 - Gerenciar Competencias Portfolio.claret,exp01_gti-competencias_v1.3,exp01_gti-competencias_v1.4,"-  	step 1 lider ""seleciona um Competencias (Portfolio) da listagem""	","+  	step 1 lider ""seleciona uma Competencias (Portfolio) da listagem""	"
91,src/RF011 - Gerenciar Competencias Portfolio.claret,exp01_gti-competencias_v1.3,exp01_gti-competencias_v1.4,"-  alternative 3 ""Negar Exclusao da Competencia (Portfolio)"" {	-  	step 1 lider ""seleciona um Competencias (Portfolio) da listagem""	","+  alternative 3 ""Nao Confirmar Exclusao da Competencia (Portfolio)"" {	+  	step 1 lider ""seleciona uma Competencias (Portfolio) da listagem""	"
92,src/RF011 - Gerenciar Competencias Portfolio.claret,exp01_gti-competencias_v1.3,exp01_gti-competencias_v1.4,"-    step 6 system ""exibe a listagem das Competencias (Portfolio) com a Competencia (Portfolio) excluida""	","+    step 6 system ""exibe a listagem das Competencias (Portfolio) com a Competencia (Portfolio) nao excluida""	"
93,src/RF012 - Ajuda.claret,exp01_gti-competencias_v1.3,exp01_gti-competencias_v1.4,"-    step 2 system ""exibe a listagem dos Niveis das Competencias cadastradas com opcoes de 'Novo', 'Editar', 'Excluir' e 'Ajuda'"" 	","+    step 2 system ""exibe a listagem dos Niveis das Competencias cadastrados com opcoes de 'Novo', 'Editar', 'Excluir' e 'Ajuda'"" 	"
94,src/RF013 - Gerenciar Niveis das Competencias.claret,exp01_gti-competencias_v1.3,exp01_gti-competencias_v1.4,"-    step 3 lider ""clica na opcao 'Novo' para criar um novo Niveis das Competencias"" af[1,2,3]	","+    step 3 lider ""clica na opcao 'Novo' para criar um novo Nivel das Competencias"" af[1,2,3]	"
95,src/RF013 - Gerenciar Niveis das Competencias.claret,exp01_gti-competencias_v1.3,exp01_gti-competencias_v1.4,"-  alternative 3 ""Negar Exclusao do Nivel das Competencias"" {	","+  alternative 3 ""Nao Confirmar Exclusao do Nivel das Competencias"" {	"
96,src/RF013 - Gerenciar Niveis das Competencias.claret,exp01_gti-competencias_v1.3,exp01_gti-competencias_v1.4,"-    step 6 system ""exibe a listagem dos Niveis das Competencias com o Nivel das Competencias excluido""	","+    step 6 system ""exibe a listagem dos Niveis das Competencias com o Nivel das Competencias nao excluido""	"
97,src/RF014 - Administrador de Dados.claret,exp01_gti-competencias_v1.3,exp01_gti-competencias_v1.4,"-  preCondition ""Administrador esta autenticado no sistema; e, tem permissao para alterar Gerente de Desempenho""	","+  preCondition ""Administrador esta autenticado no sistema e tem permissao para alterar Gerente de Desempenho""	"
98,src/RF014 - Administrador de Dados.claret,exp01_gti-competencias_v1.3,exp01_gti-competencias_v1.4,"-    step 2 system ""exibe a listagem do Catalogo (Perfis) de Competencias cadastradas com a opcao 'Alterar Gerente' dentre as varias listadas"" 	","+    step 2 system ""exibe a listagem dos Perfis de Competencias cadastrados com a opcao 'Alterar Gerente' dentre as varias listadas"" 	"
99,src/RF014 - Administrador de Dados.claret,exp01_gti-competencias_v1.3,exp01_gti-competencias_v1.4,"-    step 5 admin  ""preenche o campo 'Login do Novo Gerente de Desempenho' do novo Gerente de Desempenho para o Perfil de Competencias ""	","+    step 5 admin  ""preenche o campo 'Login do Novo Gerente de Desempenho' para o Perfil de Competencias""	"
100,src/RF014 - Administrador de Dados.claret,exp01_gti-competencias_v1.3,exp01_gti-competencias_v1.4,"-    step 2 system ""apresenta o Catalogo (Perfis) de Competencias cadastradas sem nenhuma alteracao""	","+    step 2 system ""apresenta o Catalogo (Perfis) de Competencias sem nenhuma alteracao""	"
101,src/RF015 - Gerenciar Planos de Capacitacao de TI.claret,exp01_gti-competencias_v1.3,exp01_gti-competencias_v1.4,"-    step 2 system ""exibe a listagem das Planos de Capacitacao de TI cadastradas com opcoes de 'Novo', 'Editar', 'Excluir' e 'Ajuda'"" 	","+    step 2 system ""exibe a listagem dos Planos de Capacitacao de TI cadastrados com opcoes de 'Novo', 'Editar', 'Excluir' e 'Ajuda'"" 	"
102,src/RF015 - Gerenciar Planos de Capacitacao de TI.claret,exp01_gti-competencias_v1.3,exp01_gti-competencias_v1.4,"-    step 5 lider ""escolha o 'Periodo Avaliativo' apropriado no campo de selecao""	","+    step 5 lider ""escolhe o 'Periodo Avaliativo' apropriado no campo de selecao""	"
103,src/RF015 - Gerenciar Planos de Capacitacao de TI.claret,exp01_gti-competencias_v1.3,exp01_gti-competencias_v1.4,"-	step 7 lider ""selecione a 'Unidade' correspondente no campo de selecao de unidade""	","+	step 7 lider ""seleciona a 'Unidade' correspondente no campo de selecao de unidade""	"
104,src/RF015 - Gerenciar Planos de Capacitacao de TI.claret,exp01_gti-competencias_v1.3,exp01_gti-competencias_v1.4,"-	step 9 lider ""preencha o campo 'Possiveis Capacitacoes' com informacoes sobre capacitacoes adicionais""	","+	step 9 lider ""preenche o campo 'Possiveis Capacitacoes' com informacoes sobre capacitacoes adicionais""	"
105,src/RF015 - Gerenciar Planos de Capacitacao de TI.claret,exp01_gti-competencias_v1.3,exp01_gti-competencias_v1.4,"-	step 11 lider ""preencha o campo 'Observacao' com informacoes adicionais ou relevantes sobre o plano de capacitacao""	","+	step 11 lider ""preenche o campo 'Observacao' com informacoes adicionais ou relevantes sobre o plano de capacitacao""	"
106,src/RF015 - Gerenciar Planos de Capacitacao de TI.claret,exp01_gti-competencias_v1.3,exp01_gti-competencias_v1.4,"-    step 1 lider ""seleciona um Planos de Capacitacao de TI da listagem""	","+    step 1 lider ""seleciona um Plano de Capacitacao de TI da listagem""	"
107,src/RF015 - Gerenciar Planos de Capacitacao de TI.claret,exp01_gti-competencias_v1.3,exp01_gti-competencias_v1.4,"-  	step 1 lider ""seleciona um Planos de Capacitacao de TI da listagem""	","+  	step 1 lider ""seleciona um Plano de Capacitacao de TI da listagem""	"
108,src/RF015 - Gerenciar Planos de Capacitacao de TI.claret,exp01_gti-competencias_v1.3,exp01_gti-competencias_v1.4,"-    step 6 system ""exibe a listagem das Planos de Capacitacao de TI sem a Capacitacao de TI excluida"" ef[3,4]	","+    step 6 system ""exibe a listagem dos Planos de Capacitacao de TI sem a Capacitacao de TI excluida"" ef[3,4]	"
109,src/RF015 - Gerenciar Planos de Capacitacao de TI.claret,exp01_gti-competencias_v1.3,exp01_gti-competencias_v1.4,"-  alternative 3 ""Negar Exclusao da Capacitacao de TI"" {	-  	step 1 lider ""seleciona um Planos de Capacitacao de TI da listagem""	","+  alternative 3 ""Nao Confirmar Exclusao da Capacitacao de TI"" {	+  	step 1 lider ""seleciona um Plano de Capacitacao de TI da listagem""	"
110,src/RF015 - Gerenciar Planos de Capacitacao de TI.claret,exp01_gti-competencias_v1.3,exp01_gti-competencias_v1.4,"-    step 6 system ""exibe a listagem das Planos de Capacitacao de TI com a Capacitacao de TI excluida""	","+    step 6 system ""exibe a listagem dos Planos de Capacitacao de TI com a Capacitacao de TI nao excluida""	"
111,src/RF015 - Gerenciar Planos de Capacitacao de TI.claret,exp01_gti-competencias_v1.3,exp01_gti-competencias_v1.4,"-  	step 2 system ""exibe a listagem das Planos de Capacitacao de TI cadastradas apenas para visualizacao com a opcao 'Ajuda'""	","+  	step 2 system ""exibe a listagem dos Planos de Capacitacao de TI cadastrados apenas para visualizacao com a opcao 'Ajuda'""	"
112,src/RF018 - Gerenciar Metas de Desempenho.claret,exp01_gti-competencias_v1.3,exp01_gti-competencias_v1.4,"-  preCondition ""Lider de Pessoas esta autenticado no sistema; e, tem permissao para gerenciar Metas de Desempenho""	","+  preCondition ""Lider de Pessoas esta autenticado no sistema e tem permissao para gerenciar Metas de Desempenho""	"
113,src/RF018 - Gerenciar Metas de Desempenho.claret,exp01_gti-competencias_v1.3,exp01_gti-competencias_v1.4,"-    step 3 lider ""com uma avaliacao selecionada, clica na opcao 'Editar' modificar a Avaliacao de Desempenho""	-    step 4 system ""apresenta o formulario com o campo 'Metas' constando cada Competencia do perfil avaliado""	","+    step 3 lider ""com uma avaliacao selecionada, clica na opcao 'Editar' para modificar a Avaliacao de Desempenho""	+    step 4 system ""apresenta o formulario com o campo 'Metas' contendo cada Competencia do perfil avaliado""	"
114,src/RF008 - Gerenciar Respostas de Avaliacoes.claret,exp01_gti-competencias_v1.4,exp01_gti-competencias_v1.5,"-  version ""1.1"" type ""Criacao"" user ""Aislan Fernandes"" date ""03/12/2020""	","+  version ""1.5"" type ""Alteracao"" user ""Carlos Diego"" date ""28/11/2022""	"
115,src/RF008 - Gerenciar Respostas de Avaliacoes.claret,exp01_gti-competencias_v1.4,exp01_gti-competencias_v1.5,"-    step 2 system ""exibe a listagem das Avaliacoes cadastradas com a opcao 'Formulario' dentre as varias listadas"" 	-    step 3 avaliador ""com uma avaliacao selecionada, clica na opcao 'Formulario' para criar uma nova Avaliacao""	","+    step 2 system ""exibe a listagem das Avaliacoes cadastradas com a opcao 'Formulario' dentre as varias exibidas"" 	+    step 3 avaliador ""com uma avaliacao selecionada, clica na opcao 'Formulario' para responder a uma Avaliacao ou Autoavaliacao""	"
116,src/RF008 - Gerenciar Respostas de Avaliacoes.claret,exp01_gti-competencias_v1.4,exp01_gti-competencias_v1.5,"-    step 5 avaliador  ""seleciona o 'Nivel da Competencia' da Avaliacao (1 a 4) para cada Perfil de Competencias avaliado""	-    step 6 system ""apresenta o campo 'Nivel da Competencia' preenchido corretamente""	-    step 7 avaliador ""adiciona 'Apontamentos' sobre a avaliacao para cada Perfil de Competencias avaliado""	-    step 8 system ""apresenta os 'Apontamentos' preenchidos corretamente""	-	step 9 avaliador ""clica na opcao 'Salvar'"" af[1]	-    step 10 system ""realiza a acao conforme a opcao selecionada pelo usuario e 	-				    retorna feedback correspondente"" ef[2,3]	","+    step 5 avaliador  ""seleciona o 'Nivel de Interacao' para cada Perfil de Competencias avaliado""	+    step 6 system ""apresenta o campo 'Nivel de Interacao' preenchido corretamente""	+    step 7 avaliador  ""seleciona que e 'Capaz de Avaliar a Competencia' para cada Perfil de Competencias avaliado"" af[2]	+    step 8 system ""apresenta o campo 'Capaz de Avaliar' preenchido como 'SIM'""	+    step 9 avaliador  ""seleciona o 'Nivel da Competencia' da Avaliacao (1 a 4) para cada Perfil de Competencias avaliado""	+    step 10 system ""apresenta o campo 'Nivel da Competencia' preenchido corretamente""	+    step 11 avaliador ""adiciona 'Apontamentos' sobre a avaliacao para cada Perfil de Competencias avaliado""	+    step 12 system ""apresenta os 'Apontamentos' preenchidos corretamente""	+	step 13 avaliador ""clica na opcao 'Salvar'"" af[1]	+    step 14 system ""realiza a acao conforme a opcao selecionada pelo usuario e 	+				    retorna feedback correspondente"" ef[2,3,4]	"
117,src/RF008 - Gerenciar Respostas de Avaliacoes.claret,exp01_gti-competencias_v1.4,exp01_gti-competencias_v1.5,,"+  exception 4 ""Sem Justificativa"" {	+    step 1 system ""exibe uma mensagem de erro informando ao usuario que nao informou justificativa""	+  }	+  	"
118,src/RF008 - Gerenciar Respostas de Avaliacoes.claret,exp01_gti-competencias_v1.4,exp01_gti-competencias_v1.5,,"+  	+  alternative 2 ""Nao e Capaz de Avaliar a Competencia"" {	+  	step 1 avaliador  ""seleciona que nao e 'Capaz de Avaliar a Competencia' para cada Perfil de Competencias avaliado""	+    step 2 system ""apresenta o campo 'Capaz de Avaliar' preenchido como 'NAO'""	+    step 3 avaliador ""preenche o campo de 'Justificativas' para cada Perfil de Competencias avaliado""	+    step 4 system ""apresenta o campo de 'Capaz de Avaliar' preenchido corretamente""	+    step 5 avaliador ""clica no botao 'Justificar'"" bs 14	+  }	"
119,src/RF009 - Gerenciar Resultados de Avaliacoes.claret,exp01_gti-competencias_v1.4,exp01_gti-competencias_v1.5,"-    step 2 system ""exibe a listagem das Avaliacoes cadastradas com a opcao 'Resultado' dentre as varias listadas"" 	","+    step 2 system ""exibe a listagem das Avaliacoes cadastradas com a opcao 'Resultado' dentre as varias exibidas"" 	"
120,src/RF014 - Administrador de Dados.claret,exp01_gti-competencias_v1.4,exp01_gti-competencias_v1.5,"-    step 2 system ""exibe a listagem dos Perfis de Competencias cadastrados com a opcao 'Alterar Gerente' dentre as varias listadas"" 	","+    step 2 system ""exibe a listagem dos Perfis de Competencias cadastrados com a opcao 'Alterar Gerente' dentre as varias exibidas"" 	"
121,src/RF016 - Copiar Itens de Avaliacao.claret,exp01_gti-competencias_v1.4,exp01_gti-competencias_v1.5,,"+systemName ""GTI-Competencias""	+	+usecase ""RF016 - Copiar Itens de Avaliacao"" {	+  version ""1.5"" type ""Criacao"" user ""Carlos Diego"" date ""03/06/2022""	+  actor lider ""Lider de Pessoas""	+  preCondition ""Lider de Pessoas esta autenticado no sistema e tem permissao para copiar itens de avaliacoes""	+	+  basic {	+    step 1 lider ""acessa a funcionalidade 'Avaliacoes' a partir do menu inicial"" af[1]	+    step 2 system ""exibe a listagem das Avaliacoes cadastradas com a opcao 'Copiar' dentre as varias exibidas"" 	+    step 3 lider ""com uma Avaliacao selecionada, clica na opcao 'Copiar' para copia-la""	+    step 4 system ""apresenta o formulario para copiar a Avaliacao com os valores atuais ja preenchidos, exceto o 'Avaliado', que deve estar vazio""	+    step 5 lider  ""seleciona o 'Periodo Avaliativo' da Avaliacao""	+    step 6 system ""apresenta o campo 'Periodo Avaliativo' preenchido corretamente""	+    step 7 lider ""seleciona o colaborador a ser 'Avaliado' na Avaliacao""	+    step 8 system ""apresenta o campo 'Avaliado' preenchido corretamente""	+    step 9 lider ""escolhe que deseja 'fazer uma copia' do Perfil de Competencias"" af[2]	+    step 10 system ""apresenta o campo 'fazer uma copia' do Perfil de Competencias com a opcao 'SIM' selecionada""	+    step 11 lider ""preenche o 'nome' do novo Perfil de Competencias da Avaliacao""	+    step 12 system ""apresenta o campo 'nome' do novo Perfil de Competencias da Avaliacao preenchido corretamente""	+    step 13 lider ""clica na opcao 'Confirmar'"" af[3]	+    step 14 system ""apresenta uma mensagem de confirmacao referente a criacao do novo Perfil de Competencias""	+    step 15 lider ""confirma a operacao de criacao do novo Perfil de Competencias"" af[4]	+    step 16 system ""realiza a acao conforme a opcao selecionada pelo usuario e 	+				    retorna feedback correspondente"" ef[1,2]	+  }	+	+  alternative 1 ""Copiar Perfil de Competencias"" {	+    step 1 lider ""acessa a funcionalidade 'Catalogo (Perfis) de Competencias' a partir do menu inicial""	+    step 2 system ""exibe a listagem dos Perfis de Competencias com a opcao 'Copiar' dentre as varias exibidas""	+    step 3 lider ""com um Perfil de Competencias selecionado, clica na opcao 'Copiar' para copia-lo""	+    step 4 system ""apresenta o formulario para copiar o Perfil de Competencias com os valores atuais ja preenchidos""	+    step 5 lider  ""seleciona o 'Periodo Avaliativo' da Avaliacao""	+    step 6 system ""apresenta o campo 'Periodo Avaliativo' preenchido corretamente""	+    step 7 lider ""preenche o 'nome' do novo Perfil de Competencias da Avaliacao""	+    step 8 system ""apresenta o campo 'nome' do novo Perfil de Competencias preenchido corretamente"" 	+    step 9 lider ""clica na opcao 'Confirmar'"" bs 16	+  }	+  	+  alternative 2 ""Nao Fazer uma Copia do Perfil de Competencias"" {	+  	step 1 lider ""escolhe que nao deseja 'fazer uma copia' do Perfil de Competencias""	+    step 2 system ""apresenta o campo 'fazer uma copia' do Perfil de Competencias com a opcao 'NAO' selecionada""	+    step 3 lider ""seleciona um Perfil de Competencias dentre os disponiveis""	+    step 4 system ""apresenta o 'nome' do Perfil de Competencias existente escolhido"" 	+    step 5 lider ""clica na opcao 'Confirmar'"" bs 16	+  }	+  	+  alternative 3 ""Nao Confirmar a Copia do Perfil de Competencias"" {	+  	step 1 lider ""nao confirma a operacao de criacao do novo Perfil de Competencias""	+    step 2 system ""apresenta o formulario para copiar a Avaliacao com os valores ja preenchidos""	+  }	+  	+  alternative 4 ""Cancelar Copia do Perfil de Competencias"" {	+  	step 1 lider ""nao confirma a operacao de criacao do novo Perfil de Competencias""	+    step 2 system ""exibe a listagem de Avaliacoes sem uma nova avaliacao copiada""	+  }	+	+  exception 1 ""Falha ao Salvar a nova Avaliacao"" {	+    step 1 system ""exibe uma mensagem de erro ao tentar salvar a nova Avaliacao, informando o campo ou a validacao que falhou""	+  }	+	+  exception 2 ""Falha ao Fazer uma Copia do Perfil de Competencias"" {	+    step 1 system ""exibe uma mensagem de erro ao tentar copiar a Avaliacao, informando que o Perfil de Competencias com este nome ja existe""	+  }	+	+  postCondition ""A copia de itens de avaliacao e realizada com sucesso.""	+}	"
122,src/RF017 - Gerenciar Metas de Desempenho.claret,exp01_gti-competencias_v1.4,exp01_gti-competencias_v1.5,"-usecase ""RF018 - Gerenciar Metas de Desempenho"" {	","+usecase ""RF017 - Gerenciar Metas de Desempenho"" {	"
123,src/RF017 - Gerenciar Metas de Desempenho.claret,exp01_gti-competencias_v1.4,exp01_gti-competencias_v1.5,"-    step 2 system ""exibe a listagem das Avaliacoes cadastradas com a opcao 'Editar' dentre as varias listadas"" 	","+    step 2 system ""exibe a listagem das Avaliacoes cadastradas com a opcao 'Editar' dentre as varias exibidas"" 	"
