index,filename,base_tag,head_tag,base_tag_lines_txt,head_tag_lines_txt,edit_classification_truth,new_ct,obsolete_ct,reusable_ct,affected_cts,total_ct,edit_classification,decision_rationale,elapsed_time_ms
0,src/UC001_Solicitar_Diarias.claret,exp01_rgp-diarias_v0.1,exp01_rgp-diarias_v0.2,"-		step 13 usuario ""Informa as datas de afastamento, antes do ultimo dia de viagem."" af[3,6]	","+		step 13 usuario ""Informa as datas de afastamento, antes do ultimo dia de viagem."" af[3,5]	",LOW,0,33,67,"{'TC24', 'TC58', 'TC93', 'TC28', 'TC66', 'TC62', 'TC32', 'TC33', 'TC97', 'TC65', 'TC64', 'TC100', 'TC99', 'TC98', 'TC63', 'TC96', 'TC94', 'TC59', 'TC60', 'TC25', 'TC57', 'TC23', 'TC29', 'TC26', 'TC95', 'TC30', 'TC56', 'TC61', 'TC90', 'TC91', 'TC31', 'TC92', 'TC27'}",100,HIGH,"The change modifies the alternative flow being referenced (from af[3,6] to af[3,5]), which alters the system's expected behavior and could impact how the use case is executed.",2086
1,src/UC001_Solicitar_Diarias.claret,exp01_rgp-diarias_v0.1,exp01_rgp-diarias_v0.2,"-		step 17 usuario ""Informa que acompanha autoridade"" af[4]	-		step 18 system ""Exibe a opcao escolhida: acompanha autoridade."" ef[5]	-		step 19 usuario ""Seleciona a justificativa.""	-		step 20 system ""Exibe a opcao escolhida: justificativa.""	-		step 21 usuario ""Detalha a justificativa.""	-		step 22 system ""Exibe o texto informado: detalhe da justificativa.""	","+		step 17 usuario ""Seleciona a justificativa.""	+		step 18 system ""Exibe a opcao escolhida: justificativa.""	+		step 19 usuario ""Detalha a justificativa.""	+		step 20 system ""Exibe o texto informado: detalhe da justificativa.""	+		step 21 usuario ""Seleciona o(s) beneficiarios da(s) diaria(s).""	+		step 22 system ""Exibe os beneficiarios selecionados.""	",HIGH,0,99,1,"{'TC81', 'TC87', 'TC62', 'TC1', 'TC10', 'TC33', 'TC12', 'TC99', 'TC88', 'TC98', 'TC74', 'TC96', 'TC14', 'TC35', 'TC70', 'TC16', 'TC39', 'TC78', 'TC29', 'TC26', 'TC84', 'TC92', 'TC56', 'TC27', 'TC50', 'TC58', 'TC53', 'TC11', 'TC66', 'TC36', 'TC4', 'TC65', 'TC64', 'TC46', 'TC17', 'TC34', 'TC85', 'TC21', 'TC23', 'TC68', 'TC30', 'TC90', 'TC60', 'TC48', 'TC24', 'TC2', 'TC49', 'TC9', 'TC75', 'TC41', 'TC32', 'TC20', 'TC45', 'TC8', 'TC38', 'TC97', 'TC83', 'TC18', 'TC100', 'TC7', 'TC69', 'TC63', 'TC94', 'TC72', 'TC15', 'TC42', 'TC57', 'TC43', 'TC76', 'TC22', 'TC95', 'TC61', 'TC13', 'TC80', 'TC54', 'TC19', 'TC47', 'TC6', 'TC79', 'TC55', 'TC93', 'TC28', 'TC86', 'TC3', 'TC73', 'TC52', 'TC71', 'TC40', 'TC77', 'TC89', 'TC59', 'TC44', 'TC25', 'TC37', 'TC51', 'TC82', 'TC91', 'TC5', 'TC31'}",100,HIGH,"the changes introduce new steps and alter the expected user interactions with the system, hence it impacts the system's behavior.",1931
2,src/UC001_Solicitar_Diarias.claret,exp01_rgp-diarias_v0.1,exp01_rgp-diarias_v0.2,"-		step 24 system ""Exibe os beneficiarios selecionados.""	-		step 25 usuario ""Seleciona o(s) beneficiarios da(s) diaria(s).""	-		step 26 system ""Confirma a existencia de conta para recebimento de diarias do servidor."" ef[2]	-		step 27 usuario ""Clica em confirmar."" af [5]	-		step 28 system ""Calcula o valor da(s) diaria(s) com as informacoes do formulario."" ef[3,4]	-		step 29 usuario ""Verifica os valores presentes na tela.""	-		step 30 system ""Altera o status da diaria para SOLICITADA: (antes) para empenho; ou, (depois) para prestação de contas""	","+		step 24 system ""Confirma a existencia de conta para recebimento de diarias do servidor."" ef[2]	+		step 25 usuario ""Clica em confirmar."" af [4]	+		step 26 system ""Calcula o valor da(s) diaria(s) com as informacoes do formulario."" ef[3,4]	+		step 27 usuario ""Verifica os valores presentes na tela.""	+		step 28 system ""Altera o status da diaria para SOLICITADA: (antes) para empenho; ou, (depois) para prestação de contas""	",LOW,0,90,10,"{'TC81', 'TC87', 'TC62', 'TC1', 'TC10', 'TC33', 'TC12', 'TC99', 'TC88', 'TC98', 'TC74', 'TC96', 'TC14', 'TC35', 'TC70', 'TC16', 'TC78', 'TC29', 'TC26', 'TC92', 'TC56', 'TC27', 'TC58', 'TC53', 'TC11', 'TC66', 'TC36', 'TC4', 'TC65', 'TC64', 'TC46', 'TC34', 'TC85', 'TC21', 'TC23', 'TC68', 'TC30', 'TC90', 'TC60', 'TC48', 'TC24', 'TC2', 'TC49', 'TC9', 'TC75', 'TC41', 'TC32', 'TC20', 'TC45', 'TC8', 'TC38', 'TC97', 'TC83', 'TC18', 'TC100', 'TC7', 'TC69', 'TC63', 'TC94', 'TC72', 'TC15', 'TC42', 'TC57', 'TC43', 'TC76', 'TC22', 'TC13', 'TC80', 'TC54', 'TC19', 'TC47', 'TC79', 'TC55', 'TC93', 'TC86', 'TC3', 'TC52', 'TC71', 'TC40', 'TC77', 'TC89', 'TC59', 'TC44', 'TC25', 'TC37', 'TC51', 'TC82', 'TC91', 'TC5', 'TC31'}",100,HIGH,"The changes alter the sequence of interactions between the user and the system, impacting the expected flow and potentially the outcomes of the use case.",2142
3,src/UC001_Solicitar_Diarias.claret,exp01_rgp-diarias_v0.1,exp01_rgp-diarias_v0.2,"-	alternative 4 ""Usuário informa que NÃO acompanha autoridade"" {	-		step 1 usuario ""Informa que acompanha autoridade""	-		step 2 system ""Exibe a opcao escolhida: NÃO acompanha autoridade.""	-		step 3 usuario ""Seleciona a justificativa."" bs 20	-	}	-	alternative 5 ""Limpar Campos"" {	","+	alternative 4 ""Limpar Campos"" {	",HIGH,0,99,1,"{'TC81', 'TC87', 'TC62', 'TC1', 'TC10', 'TC33', 'TC12', 'TC99', 'TC88', 'TC98', 'TC74', 'TC96', 'TC14', 'TC35', 'TC70', 'TC16', 'TC39', 'TC78', 'TC29', 'TC26', 'TC84', 'TC92', 'TC56', 'TC27', 'TC50', 'TC58', 'TC53', 'TC11', 'TC66', 'TC36', 'TC4', 'TC65', 'TC64', 'TC46', 'TC17', 'TC34', 'TC85', 'TC21', 'TC23', 'TC68', 'TC30', 'TC90', 'TC60', 'TC48', 'TC24', 'TC2', 'TC49', 'TC9', 'TC75', 'TC41', 'TC32', 'TC20', 'TC45', 'TC8', 'TC38', 'TC97', 'TC83', 'TC18', 'TC100', 'TC7', 'TC69', 'TC63', 'TC94', 'TC72', 'TC15', 'TC42', 'TC57', 'TC43', 'TC76', 'TC22', 'TC95', 'TC61', 'TC13', 'TC80', 'TC54', 'TC19', 'TC47', 'TC6', 'TC79', 'TC55', 'TC93', 'TC28', 'TC86', 'TC3', 'TC73', 'TC52', 'TC71', 'TC40', 'TC77', 'TC89', 'TC59', 'TC44', 'TC25', 'TC37', 'TC51', 'TC82', 'TC91', 'TC5', 'TC31'}",100,HIGH,"The change introduces a new alternative flow and removes a previously defined one, impacting the system's expected behavior.",2208
4,src/UC001_Solicitar_Diarias.claret,exp01_rgp-diarias_v0.1,exp01_rgp-diarias_v0.2,"-	exception 5 ""Servidor não pode estar em companhia de autoridade"" {	-		step 1 system ""Exibe a mensagem de erro MSG206 - A categoria funcional do servidor não permite acompanhar autoridades.""	-	}	",,HIGH,0,9,91,"{'TC6', 'TC95', 'TC17', 'TC84', 'TC50', 'TC61', 'TC28', 'TC39', 'TC73'}",100,HIGH,"The updated snippet removes the exception flow entirely, changing the expected behavior of the system.",1471
5,src/UC007_Listar_Autorizacoes_Pagamentos_Pendentes.claret,exp01_rgp-diarias_v0.1,exp01_rgp-diarias_v0.2,,"+/*	+ * RGP_DIARIAS: UC007 - Listar Autorizações de Pagamento Pendentes	+ * Este caso de uso tem o objetivo de especificar a funcionalidade que permite 	+ * ao usuário, listar diárias (solicitações) aptas/pendentes de autorização de pagamento.	+ */	+systemName ""RGP-Diarias""	+	+usecase ""UC007 - Listar Autorizações de Pagamento Pendentes"" {	+	version ""0.1"" type ""Creation"" user ""Daniel Medeiros"" date ""13/04/2020""	+	actor usuario ""Chefe""	+		+	preCondition ""O usuario devidamente autenticado e na tela inicial do sistema""	+			+	basic {	+		step 1 usuario ""Clica para exibir a lista de diárias (solicitações) aptas para pagamento (SITUAÇÃO LIQUIDADA).""	+		step 2 system ""Recupera e exibe para o usuário a lista de diárias aptas para pagamento.""	+		step 3 usuario ""Seleciona uma diária apta para pagamento"" af[1,2,3,4]	+		step 4 system ""Destaca a diária selecionada""	+	}	+		+	alternative 1 ""Detalhar diária (solicitação)"" {	+		step 1 usuario ""Clica para detalhar a solicitação de diária.""	+		step 2 system ""Apresenta a tela de Detalhar Diárias""	+	}	+	alternative 2 ""Atribuir/Desatribuir responsabilidade de autorização de pagamento para si"" {	+		step 1 usuario ""Dado um registro selecionado (solicitação aguardando autorização de pagamento - AP), o usuário pode atribuir/desatribuir a responsabilidade da AP a si próprio; e	+					Clica para atribuir/desatribuir o registro a si mesmo.""	+		step 2 system ""Atualiza a lista de registros de solicitações, onde o nome deverá constar o nome do usuário logado (que se atribuiu como responsável pela AP) no campo de atribuição (no caso de desatribuição, o nome deverá ser removido).""	+	}	+	alternative 3 ""Realizar autorização de pagamento"" {	+		step 1 usuario ""Clica para realizar a autorização de pagamento.""	+		step 2 system ""Apresenta a tela de Registrar Autorizações de Pagamento""	+	}	+	alternative 4 ""Filtrar autorizações de pagamento pendentes por usuário atribuído"" {	+		step 1 usuario ""Seleciona um usuário para filtrar as autorizações de pagamento associadas a ele; e	+					Submete a busca ao sistema.""	+		step 2 system ""Filtra os registros (autorizações de pagamento pendentes) e exibe apenas aqueles atribuídos ao usuário selecionado.""	+	}	+		+	postCondition ""O caso de uso encerra.""	+		+}	",HIGH,5,0,0,"{'TC1', 'TC2', 'TC5', 'TC4', 'TC3'}",5,HIGH,"The update introduces a full use case with various steps, alternatives, and conditions, fundamentally defining new system behavior that was not present in the original snippet.",1580
6,src/UC008_Registrar_Autorizacao_de_Pagamento.claret,exp01_rgp-diarias_v0.1,exp01_rgp-diarias_v0.2,,"+/*	+ * RGP_DIARIAS: UC008 - Registrar Autorização de Pagamento	+ * Este caso de uso tem o objetivo de especificar a funcionalidade que 	+ * permite ao usuário,registrar autorizações de pagamento (AP) de diárias.	+ */	+systemName ""RGP-Diarias""	+	+usecase ""UC008 - Registrar Autorização de Pagamento"" {	+	version ""0.1"" type ""Creation"" user ""Daniel Medeiros"" date ""13/04/2020""	+	actor usuario ""Chefe""	+		+	preCondition ""O sistema identifica a solicitação a ter a AP registrada (recebida por parâmetro)."",	+			""O sistema exibe os dados da solicitação para o usuário.""	+			+	basic {	+		step 3 usuario ""Informa o número de Autorização de Pagamento e do Exercício.""	+		step 2 system ""Exibe o número de Autorização de Pagamento e do Exercício nos campos.""	+		step 4 usuario ""Confirma a operação.""	+		step 5 system ""Persiste o número da AP e o ano de exercício conforme informados;	+					Altera a situação da diária (solicitação) para PAGAMENTO AUTORIZADO; e	+					Exibe mensagem de sucesso para o usuário."" ef[1,2]	+	}	+	exception 1 ""Campos obrigatórios não informados"" {	+		step 1 system ""Identifica que campos obrigatórios não foram preenchidos; e	+					Exibe mensagem de erro (MSG203 - Campos obrigatórios / MSG215 - É obrigatório informar o número da autorização de pagamento) para o usuário.""	+	}	+	exception 2 ""Número da AP já existe"" {	+		step 1 system ""Verifica que já existe um número de AP (considerando também o mesmo exercício) registrado na base de dados; e	+					Interrompe a operação e exibe mensagem de erro (MSG210 - Número da autorização de pagamento já existe.) para o usuário.""	+	}	+		+	postCondition ""O caso de uso encerra.""	+		+}	",HIGH,3,0,0,"{'TC1', 'TC2', 'TC3'}",3,HIGH,"The updated snippet introduces a detailed use case specification that includes new requirements, steps, exception flows, and overall functionality that were completely absent in the original snippet.",1204
7,src/UC009_Prestar_Contas.claret,exp01_rgp-diarias_v0.1,exp01_rgp-diarias_v0.2,,"+/*	+ * RGP_DIARIAS: UC009 - Prestar Contas	+ * Este caso de uso tem o objetivo de especificar a funcionalidade que 	+ * permite ao usuário, realizar a prestação de contas de uma viagem.	+ */	+systemName ""RGP-Diarias""	+	+usecase ""UC009 - Prestar Contas"" {	+	version ""0.1"" type ""Creation"" user ""Daniel Medeiros"" date ""13/04/2020""	+	actor usuario ""Chefe""	+		+	preCondition ""O usuario devidamente autenticado e na tela inicial do sistema""	+			+	basic {	+		step 1 usuario ""Clica para realizar a prestação de contas.""	+		step 2 system ""Exibe a lista de solicitações de diárias (histórico) em ordem decrescente DO NÚMERO DA DIÁRIA (da maior para a de menor número)."" ef[4]	+		step 3 usuario ""Indica uma solicitação de diárias a fim de realizar a prestação de contas.""	+		step 4 system ""Exibe os detalhes referentes à solicitação selecionada, bem como identificando e apresentando os tipos de documentos/comprovantes a serem informados/consultados pelo usuário; e	+					Exibe o histórico da tramitação da prestação de contas."" ef[2,3]	+		step 5 usuario ""Visualiza o histório da tramitação da prestação de contas."" af[1,2,3,4,5]	+		step 6 system ""Exibe o histórico da tramitação da prestação de contas."" 	+	}	+		+	alternative 1 ""Inserir comprovantes"" {	+		step 1 usuario ""Clica em inserir;	+					Seleciona um tipo de comprovante;	+					Seleciona um arquivo.""	+		step 2 system ""Realiza o upload do arquivo indicado pelo usuário.""	+	}	+	alternative 2 ""Visualizar comprovante"" {	+		step 1 usuario ""Clica em visualizar comprovante.""	+		step 2 system ""Exibe modal com o comprovante.""	+	}	+	alternative 3 ""Excluir documento"" {	+		step 1 usuario ""Clica em excluir comprovante.""	+		step 2 system ""Exclui o comprovante.""	+	}	+	alternative 4 ""Enviar prestação de contas"" {	+		step 1 usuario ""Clica em confirmar (enviar prestação de contas).""	+		step 2 system ""Exibe a mensagem de confirmação (MSG104 - Confirmar a prestação de contas) para o usuário."" ef[1]	+		step 3 usuario ""Confirma as mensagens, concordando com o prosseguimento da prestação de contas.""	+		step 4 system ""Altera o status da diária para PRESTAÇÃO DE CONTAS REALIZADA e salva os dados da solicitação;	+					Realiza o registro do envio da prestação de contas para possibilitar posterior acompanhamento histórico;	+					Exibe mensagem de sucesso (MSG302 - Operação realizada com sucesso!) para o usuário.""	+	}	+	exception 1 ""Prestação de contas sem todos os documentos anexados"" {	+		step 1 system ""Identifica que pelo menos um dos documentos solicitados para prestação de contas não foi anexado pelo usuário;	+					Exibe mensagem de alerta (MSG001 - Documentos não informados na prestação de contas) para o usuário.""	+	}	+	exception 2 ""Prestação de contas já realizada."" {	+		step 1 system ""Identifica que a prestação de contas indicada pelo usuário não está em nenhum desses dois estados: a) NÃO REALIZADA e b) DEVOLVIDA;	+					Permite não permite um novo envio ou alterações na prestação (exclusão de documentos).""	+	}	+	exception 3 ""Prestação de contas ainda não pode ser realizada."" {	+		step 1 system ""Identifica que a solicitação indicada pelo usuário ainda não pode ter sua prestação de contas realizada;	+					Exibe mensagem de erro (MSG212 - Prestação de contas ainda não pode ser realizada) para o usuário, impedindo que ele preste contas (anexa arquivos e etc).""	+	}	+	alternative 5 ""Detalhar solicitação de diária."" {	+		step 1 usuario ""Clica para detalhar a solicitação de diária.""	+		step 2 system ""Apresenta a tela de Detalhar Diárias""	+	}	+	exception 4 ""Listagem de diárias para o perfil OPERADOR"" {	+		step 1 system ""Identifica que se trata de um usuário com perfil OPERADOR;	+					Exibe tanto as solicitações do próprio usuário quanto as solicitações dos demais servidores lotados na mesma unidade administrativa dele (OPERADOR).""	+	}	+		+	postCondition ""O caso de uso encerra.""	+		+}	",HIGH,10,0,0,"{'TC1', 'TC10', 'TC8', 'TC6', 'TC2', 'TC9', 'TC5', 'TC7', 'TC4', 'TC3'}",10,HIGH,"The updated snippet introduces a new use case with detailed steps, alternatives, and exceptions that change the expected behavior and functionality of the system.",1601
8,src/UC010_Analisar_Prestacao_de_Contas.claret,exp01_rgp-diarias_v0.1,exp01_rgp-diarias_v0.2,,"+/*	+ * RGP_DIARIAS: UC010 - Analisar Prestação de Contas	+ * Este caso de uso tem o objetivo de especificar a funcionalidade que 	+ * permite ao usuário, analisar prestações de contas de diárias.	+ */	+systemName ""RGP-Diarias""	+	+usecase ""UC010 - Analisar Prestação de Contas"" {	+	version ""0.1"" type ""Creation"" user ""Daniel Medeiros"" date ""13/04/2020""	+	actor usuario ""Chefe""	+		+	preCondition ""O usuario devidamente autenticado e na tela inicial do sistema""	+		+	basic {	+		step 1 usuario ""Acessa a funcionalidade de prestação de contas.""	+		step 2 system ""Apresenta a lista de prestações de contas relacionadas à sua competência (em ordem decrescente DO NÚMERO DA DIÁRIA, da maior para a de menor número).""	+		step 3 usuario ""Indica uma prestação de contas para analisar.""	+		step 4 system ""Exibe os detalhes relativos àquela prestação de contas (dados básicos da solicitação e documentos anexos);	+					Exibe o histórico da tramitação da prestação de contas."" ef[2]	+		step 6 usuario ""Clica para analisar a prestação de contas.""	+		step 7 system ""Exibe a tela para prestação de contas""	+		step 8 usuario ""Informa o parecer da prestação de contas.""	+		step 9 system ""Exibe mensagem de confirmação (MSG105 - Confirmar parecer da prestação de contas) para o usuário.""	+		step 10 usuario ""Confirma o parecer dado (confirma operação)."" af[1,2]	+		step 11 system ""Persiste as informações, alterando o status da prestação de contas conforme informada pelo usuário;	+					Realiza o registro do envio da prestação de contas para possibilitar posterior acompanhamento histórico;	+					Exibe mensagem de sucesso (MSG302 - Operação realizada com sucesso!) para o usuário."" ef[1]	+	}	+		+	alternative 1 ""Visualizar documento/comprovante de prestação de contas"" {	+		step 1 usuario ""Clica no documento a exibir.""	+		step 2 system ""Exibe o documento em tela para o usuário.""	+	}	+		+	alternative 2 ""Detalhar solicitação de diárias"" {	+		step 1 usuario ""Clica para detalhar a solicitação relacionada a uma determinada prestação de contas.""	+		step 2 system ""Exibe a tela de Detalhar Diárias""	+	}	+		+	exception 1 ""Campos obrigatório não preenchidos"" {	+		step 1 system ""Identifica que campos obrigatórios do parecer/análise não foram devidamente preenchidos	+					Exibe mensagem de erro (MSG203 - Campos obrigatórios) para o usuário.""	+	}	+	exception 2""Prestação de contas em situação diferente de REALIZADA"" {	+		step 1 system ""Identifica que a prestação de contas escolhida é diferente de REALIZADA;	+					Não permite que seja feita análise por parte do usuário.""	+	}	+		+	postCondition ""O caso de uso encerra.""	+		+}	",HIGH,5,0,0,"{'TC1', 'TC2', 'TC5', 'TC4', 'TC3'}",5,HIGH,"The update introduces a complete use case specification with various steps, alternatives, exceptions, and conditions, thereby defining a new functionality and changing the expected behavior of the system.",3915
9,src/UC001_Solicitar_Diarias.claret,exp01_rgp-diarias_v0.2,exp01_rgp-diarias_v1.0.1,"-		step 27 usuario ""Verifica os valores presentes na tela.""	","+		step 27 usuario ""Verifica os valores presentes na tela:	+						1. Magistrados e desembargadores: não podem ultrapassar 60% do valor de um diária de um ministro do STF.	+						2. Servidores não podem ultrapassar 60% do valor de uma diária de um Magistrado.""	",LOW,0,9,37,"{'TC10', 'TC46', 'TC20', 'TC30', 'TC15', 'TC25', 'TC5', 'TC41', 'TC36'}",46,HIGH,"The update modifies the expected behavior of the system by introducing specific conditions regarding value verification, thus changing the use case requirements.",2180
10,src/UC004_Detalhar_Diarias.claret,exp01_rgp-diarias_v1.0.1,exp01_rgp-diarias_v1.0.2,"-		step 2 system ""Apresenta a tela com as informações da diária do servidor (dados gerais da diária, extratificação do cálculo da diária, conta para crédito, período da viagem, histórico de tramitação, detalhamento de empenho e pagamento, prestação de contas e seus detalhes).""	","+		step 2 system ""Apresenta a tela com as informações da diária do servidor (dados gerais da diária, extratificação do cálculo da diária, conta para crédito, período da viagem, histórico de tramitação, detalhamento de empenho e pagamento, prestação de contas e seus detalhes).	+					Apresenta o numero do empenho e a autorização de pagamento como links.""	",LOW,0,1,2,{'TC3'},3,HIGH,"The update adds new features (links to empenho and authorization of payment) to the system's display, changing its expected behavior.",1842
11,src/UC001_Solicitar_Diarias.claret,exp01_rgp-diarias_v1.0.2,exp01_rgp-diarias_v1.0.3,"-		step 13 usuario ""Informa as datas de afastamento, antes do ultimo dia de viagem."" af[3,5]	","+		step 13 usuario ""Informa as datas de afastamento, antes do ultimo dia de viagem."" af[3]	",HIGH,0,15,31,"{'TC46', 'TC29', 'TC45', 'TC14', 'TC26', 'TC30', 'TC44', 'TC13', 'TC15', 'TC42', 'TC28', 'TC12', 'TC11', 'TC43', 'TC27'}",46,HIGH,"The change removes an alternative flow, affecting the expected behavior of the system.",2104
12,src/UC001_Solicitar_Diarias.claret,exp01_rgp-diarias_v1.0.2,exp01_rgp-diarias_v1.0.3,"-	alternative 5 ""Período com dias alternados"" {	-		step 1 usuario ""Informa as datas de afastamento ALTERNADAS, antes do ultimo dia de viagem."" bs 14	-	}	",,HIGH,0,15,31,"{'TC1', 'TC32', 'TC33', 'TC20', 'TC2', 'TC17', 'TC35', 'TC34', 'TC16', 'TC18', 'TC5', 'TC36', 'TC19', 'TC4', 'TC3'}",46,HIGH,"The updated snippet completely removes the alternative flow, which changes the expected behavior of the system.",1045
13,src/UC004_Detalhar_Diarias.claret,exp01_rgp-diarias_v1.0.3,exp01_rgp-diarias_v1.1,"-					Apresenta o numero do empenho e a autorização de pagamento como links.""	","+					Apresenta o numero do empenho e a autorização de pagamento como links.	+					Apresenta, no detalhamento das diárias, a justificativa concatenada com o detalhe.""	",LOW,0,1,2,{'TC3'},3,HIGH,"The update introduces new information about the details of daily allowances, which changes the expected behavior and adds functionality to the system.",1180
14,src/UC009_Prestar_Contas.claret,exp01_rgp-diarias_v1.0.3,exp01_rgp-diarias_v1.1,"-		step 4 system ""Exibe os detalhes referentes à solicitação selecionada, bem como identificando e apresentando os tipos de documentos/comprovantes a serem informados/consultados pelo usuário; e	","+		step 4 system ""Exibe os detalhes referentes à solicitação selecionada, dados do beneficiário, bem como identificando e apresentando os tipos de documentos/comprovantes a serem informados/consultados pelo usuário; e	",LOW,0,7,3,"{'TC10', 'TC8', 'TC6', 'TC9', 'TC5', 'TC7', 'TC4'}",10,HIGH,"The update introduces new information regarding 'dados do beneficiário', which changes the expected behavior of the system by adding additional data display related to the user's request.",1201
15,src/UC009_Prestar_Contas.claret,exp01_rgp-diarias_v1.0.3,exp01_rgp-diarias_v1.1,"-		step 5 usuario ""Visualiza o histório da tramitação da prestação de contas."" af[1,2,3,4,5]	","+		step 5 usuario ""Verifica o histório da tramitação da prestação de contas."" af[1,2,3,4,5]	",LOW,0,1,9,{'TC10'},10,HIGH,"The change modifies the understanding of user interaction with the system, impacting expected behavior.",2479
16,src/UC010_Analisar_Prestacao_de_Contas.claret,exp01_rgp-diarias_v1.0.3,exp01_rgp-diarias_v1.1,"-		step 4 system ""Exibe os detalhes relativos àquela prestação de contas (dados básicos da solicitação e documentos anexos);	","+		step 4 system ""Exibe os detalhes relativos àquela prestação de contas (nome do beneficiário, dados básicos da solicitação e documentos anexos);	",LOW,0,4,1,"{'TC2', 'TC4', 'TC5', 'TC3'}",5,HIGH,"The change adds a new requirement (name of the beneficiary) to the output of the system, altering its expected behavior.",2273
17,src/UC010_Analisar_Prestacao_de_Contas.claret,exp01_rgp-diarias_v1.0.3,exp01_rgp-diarias_v1.1,"-		step 6 usuario ""Clica para analisar a prestação de contas.""	","+		step 6 usuario ""Verifica o histório da tramitação da prestação de contas e clica para analisar a prestação de contas.""	",LOW,0,4,1,"{'TC2', 'TC4', 'TC5', 'TC3'}",5,HIGH,The updated snippet changes the expected behavior of the system by introducing additional actions (verifying the history) and thus altering the flow of the use case.,1300
18,src/UC001_Solicitar_Diarias.claret,exp01_rgp-diarias_v1.1,exp01_rgp-diarias_v1.1.1,"-						2. Servidores não podem ultrapassar 60% do valor de uma diária de um Magistrado.""	","+						2. Servidores não podem ultrapassar 60% do valor de uma diária de um Magistrado.	+						3. Manutenção do cargo comissionado e do setor beneficiário à época da concessão da diária.""	",LOW,0,6,25,"{'TC10', 'TC20', 'TC26', 'TC15', 'TC5', 'TC31'}",31,HIGH,"The update introduces a new requirement regarding the maintenance of the commissioned position and the beneficiary sector, which impacts the system's expected behavior.",1273
19,src/UC011_Listar_Solicitacoes_de_Diarias.claret,exp01_rgp-diarias_v1.1,exp01_rgp-diarias_v1.1.1,"-		step 4 usuario ""Visualiza os registros de solicitações de diária."" af[1,2,3]	","+		step 4 usuario ""Visualiza os registros de solicitações de diária."" af[1,2,3,4]	",HIGH,0,1,3,{'TC4'},4,HIGH,"The change introduces a new alternative flow, affecting the system's expected behavior.",2158
20,src/UC011_Listar_Solicitacoes_de_Diarias.claret,exp01_rgp-diarias_v1.1,exp01_rgp-diarias_v1.1.1,,"+	alternative 4 ""Ordenar pelo nome do servidor"" {	+		step 1 usuario ""Clica para ordenar pelo nome do servidor.""	+		step 2 system ""Visualiza os registros de solicitações de diária ordenado pelo nome do servidor.""	+	}	",HIGH,1,0,4,{'TC1'},5,HIGH,"The addition of an alternative flow introduces new functionality regarding sorting server requests, thus changing the system's expected behavior.",1053
21,src/UC001_Solicitar_Diarias.claret,exp01_rgp-diarias_v1.1.1,exp01_rgp-diarias_v1.2,"-		step 21 usuario ""Seleciona o(s) beneficiarios da(s) diaria(s).""	-		step 22 system ""Exibe os beneficiarios selecionados.""	","+		step 21 usuario ""Seleciona o(s) beneficiarios da(s) diaria(s)."" 	+		step 22 system ""Exibe os beneficiarios selecionados."" ef[5]	",HIGH,0,30,1,"{'TC6', 'TC24', 'TC2', 'TC9', 'TC28', 'TC11', 'TC4', 'TC3', 'TC1', 'TC10', 'TC20', 'TC8', 'TC18', 'TC12', 'TC7', 'TC14', 'TC17', 'TC15', 'TC25', 'TC23', 'TC16', 'TC22', 'TC29', 'TC26', 'TC30', 'TC13', 'TC5', 'TC31', 'TC19', 'TC27'}",31,HIGH,"The addition of an exception flow changes the expected behavior of the use case, indicating the introduction of new requirements or handling scenarios.",2740
22,src/UC001_Solicitar_Diarias.claret,exp01_rgp-diarias_v1.1.1,exp01_rgp-diarias_v1.2,,"+	exception 5 ""Conta para recebimento de diárias não cadastrada"" {	+		step 1 system ""Não confirma a existencia de conta para recebimento de diarias do servidor.	+					Exibe a mensagem de erro MSG002 - Conta para recebimento de diárias não cadastrada.""	+	}	",HIGH,6,0,31,"{'TC1', 'TC32', 'TC26', 'TC13', 'TC7', 'TC19'}",37,HIGH,"The updated snippet introduces a new exception flow, which changes the expected behavior of the system by specifying that there is an error related to a non-existent account for receiving payments. This indicates a change in functionality.",1535
23,src/UC001_Solicitar_Diarias.claret,exp01_rgp-diarias_v1.2,exp01_rgp-diarias_v1.2.1,"-		step 21 usuario ""Seleciona o(s) beneficiarios da(s) diaria(s)."" 	","+		step 21 usuario ""Seleciona o(s) beneficiarios da(s) diaria(s)."" af[5]	",HIGH,0,36,1,"{'TC6', 'TC24', 'TC2', 'TC9', 'TC28', 'TC11', 'TC36', 'TC4', 'TC3', 'TC1', 'TC10', 'TC32', 'TC33', 'TC20', 'TC8', 'TC18', 'TC12', 'TC7', 'TC14', 'TC17', 'TC35', 'TC34', 'TC15', 'TC37', 'TC21', 'TC23', 'TC16', 'TC22', 'TC29', 'TC26', 'TC30', 'TC13', 'TC5', 'TC31', 'TC19', 'TC27'}",37,HIGH,"The update introduces an alternative flow (af[5]), which changes the expected behavior of the use case.",1473
24,src/UC001_Solicitar_Diarias.claret,exp01_rgp-diarias_v1.2,exp01_rgp-diarias_v1.2.1,,"+	alternative 5 ""Informar nome social"" {	+		step 1 usuario ""Seleciona o(s) beneficiarios da(s) diaria(s).""	+		step 2 system ""Exibe os beneficiarios selecionados e o campo para preenchimento do nome social""	+		step 3 usuario ""Informa o nome social do beneficiario da(s) diaria(s)"" bs 24	+	}	",HIGH,66,0,1,"{'TC48', 'TC6', 'TC24', 'TC2', 'TC50', 'TC9', 'TC55', 'TC49', 'TC58', 'TC53', 'TC28', 'TC41', 'TC11', 'TC66', 'TC36', 'TC62', 'TC4', 'TC3', 'TC52', 'TC10', 'TC1', 'TC33', 'TC20', 'TC32', 'TC8', 'TC38', 'TC40', 'TC65', 'TC18', 'TC64', 'TC12', 'TC7', 'TC67', 'TC63', 'TC46', 'TC14', 'TC59', 'TC17', 'TC35', 'TC34', 'TC44', 'TC15', 'TC25', 'TC57', 'TC42', 'TC37', 'TC51', 'TC21', 'TC43', 'TC23', 'TC16', 'TC39', 'TC22', 'TC29', 'TC26', 'TC56', 'TC30', 'TC61', 'TC13', 'TC5', 'TC54', 'TC31', 'TC19', 'TC47', 'TC60', 'TC27'}",67,HIGH,"The updated snippet introduces a new alternative flow for informing the social name, directly impacting the system's expected behavior and adding new requirements.",1864
25,src/UC005_Listar_Empenhos_Pendentes.claret,exp01_rgp-diarias_v1.2.1,exp01_rgp-diarias_v1.2.3,"-		step 2 system ""Exibe a lista de solicitações aguardando serem empenhadas.""	","+		step 2 system ""Exibe a lista de solicitações aguardando serem empenhadas ordenado pelo numero da diaria em ordem crescente.""	",LOW,0,1,6,{'TC7'},7,HIGH,"The updated snippet changes the system's expected behavior by adding a new requirement for sorting the list of requests, which alters the functionality.",1146
26,src/UC007_Listar_Autorizacoes_Pagamentos_Pendentes.claret,exp01_rgp-diarias_v1.2.1,exp01_rgp-diarias_v1.2.3,"-		step 2 system ""Recupera e exibe para o usuário a lista de diárias aptas para pagamento.""	","+		step 2 system ""Recupera e exibe para o usuário a lista de diárias aptas para pagamento ordenado pelo numero de diarias em ordem crescente.""	",LOW,0,5,0,"{'TC1', 'TC2', 'TC5', 'TC4', 'TC3'}",5,HIGH,"The change modifies the system's expected behavior by altering how the list of payments is presented, introducing a new requirement for ordering.",2016
27,src/UC012_Listar_Liquidacoes_Pendentes.claret,exp01_rgp-diarias_v1.2.1,exp01_rgp-diarias_v1.2.3,"-		step 4 system ""Exibe a lista de diárias (solicitações) aptas para pagamento."" 	","+		step 4 system ""Exibe a lista de diárias (solicitações) aptas para pagamento ordenado pelo numero da diaria em ordem crescente."" 	",LOW,0,1,3,{'TC4'},4,HIGH,"The change modifies the expected behavior of the system by adding a sorting requirement, thus introducing a new feature.",2648
28,src/UC007_Listar_Autorizacoes_Pagamentos_Pendentes.claret,exp01_rgp-diarias_v1.2.3,exp01_rgp-diarias_v1.2.4,"-		step 2 system ""Recupera e exibe para o usuário a lista de diárias aptas para pagamento ordenado pelo numero de diarias em ordem crescente.""	","+		step 2 system ""Recupera e exibe para o usuário a lista de diárias aptas para pagamento ordenado pelo numero de diarias em ordem crescente.	+					Exibe esta lista de diárias também ordenada pela data de chegada da solicitação na fase de autorização (após registrar o empenho).""	",LOW,0,5,0,"{'TC1', 'TC2', 'TC5', 'TC4', 'TC3'}",5,HIGH,"The updated step changes the expected behavior of the system by introducing a new ordering criterion for the displayed list, impacting system functionality.",2242
29,src/UC012_Listar_Liquidacoes_Pendentes.claret,exp01_rgp-diarias_v1.2.3,exp01_rgp-diarias_v1.2.4,"-		step 4 system ""Exibe a lista de diárias (solicitações) aptas para pagamento ordenado pelo numero da diaria em ordem crescente."" 	","+		step 4 system ""Exibe a lista de diárias (solicitações) aptas para pagamento ordenado pelo numero da diaria em ordem crescente.	+					Exibe esta lista de diarias também ordenada pela data de chegada da solicitação na fase de liquidação (após registrar o empenho).""	",LOW,0,1,3,{'TC4'},4,HIGH,"The change introduces a new sorting criterion for the list displayed by the system, which alters its expected behavior.",1842
30,src/UC001_Solicitar_Diarias.claret,exp01_rgp-diarias_v1.2.4,exp01_rgp-diarias_v1.2.5,"-	preCondition ""O usuario acessa o caso de uso atraves do menu."", 	-		""O sistema exibe a tela de solicitacao de diarias.""	","+	preCondition ""O usuário acessa o caso de uso através do menu."", 	+		""O sistema exibe a tela de solicitação de diárias.""	",LOW,0,67,0,"{'TC48', 'TC6', 'TC24', 'TC2', 'TC50', 'TC9', 'TC55', 'TC49', 'TC58', 'TC53', 'TC28', 'TC41', 'TC11', 'TC66', 'TC36', 'TC62', 'TC4', 'TC3', 'TC52', 'TC10', 'TC1', 'TC33', 'TC20', 'TC32', 'TC45', 'TC8', 'TC38', 'TC40', 'TC65', 'TC18', 'TC64', 'TC12', 'TC7', 'TC67', 'TC63', 'TC46', 'TC14', 'TC59', 'TC17', 'TC35', 'TC34', 'TC44', 'TC15', 'TC25', 'TC57', 'TC42', 'TC37', 'TC51', 'TC21', 'TC43', 'TC23', 'TC16', 'TC39', 'TC22', 'TC29', 'TC26', 'TC56', 'TC30', 'TC61', 'TC13', 'TC5', 'TC54', 'TC31', 'TC19', 'TC47', 'TC60', 'TC27'}",67,LOW,The changes are textual updates related to punctuation and spelling corrections without altering the intended behavior or requirements of the use case.,1751
31,src/UC001_Solicitar_Diarias.claret,exp01_rgp-diarias_v1.2.4,exp01_rgp-diarias_v1.2.5,"-		step 2 system ""Exibe a opcao escolhida: viagem nacional - fora do estado (interestadual)."" 	","+		step 2 system ""Exibe a opção escolhida: viagem nacional - fora do estado (interestadual)."" 	",LOW,0,23,44,"{'TC48', 'TC50', 'TC55', 'TC49', 'TC58', 'TC53', 'TC66', 'TC62', 'TC52', 'TC45', 'TC65', 'TC64', 'TC67', 'TC63', 'TC46', 'TC59', 'TC57', 'TC51', 'TC61', 'TC54', 'TC47', 'TC60', 'TC56'}",67,LOW,The change is merely a correction of a typographical error (the accent in 'opção') and does not affect the system's behavior.,1854
32,src/UC001_Solicitar_Diarias.claret,exp01_rgp-diarias_v1.2.4,exp01_rgp-diarias_v1.2.5,"-		step 4 system ""Exibe a opcao escolhida: estado."" ef[1]	","+		step 4 system ""Exibe a opção escolhida: estado."" ef[1]	",LOW,0,22,45,"{'TC48', 'TC50', 'TC55', 'TC49', 'TC58', 'TC53', 'TC66', 'TC62', 'TC52', 'TC65', 'TC64', 'TC67', 'TC63', 'TC46', 'TC59', 'TC57', 'TC51', 'TC61', 'TC54', 'TC47', 'TC60', 'TC56'}",67,LOW,"The change is a syntactic edit, correcting a typographical error without altering system behavior.",1583
33,src/UC001_Solicitar_Diarias.claret,exp01_rgp-diarias_v1.2.4,exp01_rgp-diarias_v1.2.5,"-		step 6 system ""Exibe a opcao escolhida: cidade(s).""	","+		step 6 system ""Exibe a opção escolhida: cidade(s).""	",LOW,0,44,23,"{'TC48', 'TC24', 'TC50', 'TC55', 'TC49', 'TC58', 'TC53', 'TC28', 'TC41', 'TC66', 'TC36', 'TC62', 'TC52', 'TC32', 'TC33', 'TC38', 'TC40', 'TC65', 'TC64', 'TC67', 'TC63', 'TC46', 'TC59', 'TC35', 'TC34', 'TC44', 'TC25', 'TC57', 'TC42', 'TC37', 'TC51', 'TC43', 'TC23', 'TC39', 'TC29', 'TC26', 'TC56', 'TC30', 'TC61', 'TC54', 'TC31', 'TC47', 'TC60', 'TC27'}",67,LOW,"The change is merely a textual update correcting the accent in the word 'opcao' to 'opção', which does not affect the system's expected behavior.",1200
34,src/UC001_Solicitar_Diarias.claret,exp01_rgp-diarias_v1.2.4,exp01_rgp-diarias_v1.2.5,"-		step 8 system ""Exibe a opcao escolhida: tipo de deslocamento.""	","+		step 8 system ""Exibe a opção escolhida: tipo de deslocamento.""	",LOW,0,66,1,"{'TC48', 'TC6', 'TC24', 'TC2', 'TC50', 'TC9', 'TC55', 'TC49', 'TC58', 'TC53', 'TC28', 'TC41', 'TC11', 'TC66', 'TC36', 'TC62', 'TC4', 'TC3', 'TC52', 'TC10', 'TC1', 'TC33', 'TC20', 'TC32', 'TC8', 'TC38', 'TC40', 'TC65', 'TC18', 'TC64', 'TC12', 'TC7', 'TC67', 'TC63', 'TC46', 'TC14', 'TC59', 'TC17', 'TC35', 'TC34', 'TC44', 'TC15', 'TC25', 'TC57', 'TC42', 'TC37', 'TC51', 'TC21', 'TC43', 'TC23', 'TC16', 'TC39', 'TC22', 'TC29', 'TC26', 'TC56', 'TC30', 'TC61', 'TC13', 'TC5', 'TC54', 'TC31', 'TC19', 'TC47', 'TC60', 'TC27'}",67,LOW,The change is a textual correction of a spelling mistake and does not affect the system's behavior.,2840
35,src/UC001_Solicitar_Diarias.claret,exp01_rgp-diarias_v1.2.4,exp01_rgp-diarias_v1.2.5,"-		step 10 system ""Exibe a opcao escolhida: hospedagem.""	-		step 11 usuario ""Escolhe o tipo de periodo de afastamento.""	-		step 12 system ""Exibe a opcao escolhida: periodo de afastamento.""	-		step 13 usuario ""Informa as datas de afastamento, antes do ultimo dia de viagem."" af[3]	","+		step 10 system ""Exibe a opção escolhida: hospedagem.""	+		step 11 usuario ""Escolhe o tipo de período de afastamento.""	+		step 12 system ""Exibe a opção escolhida: período de afastamento.""	+		step 13 usuario ""Informa as datas de afastamento, antes do último dia de viagem."" af[3]	",LOW,0,66,1,"{'TC48', 'TC6', 'TC24', 'TC2', 'TC50', 'TC9', 'TC55', 'TC49', 'TC58', 'TC53', 'TC28', 'TC41', 'TC11', 'TC66', 'TC36', 'TC62', 'TC4', 'TC3', 'TC52', 'TC10', 'TC1', 'TC33', 'TC20', 'TC32', 'TC8', 'TC38', 'TC40', 'TC65', 'TC18', 'TC64', 'TC12', 'TC7', 'TC67', 'TC63', 'TC46', 'TC14', 'TC59', 'TC17', 'TC35', 'TC34', 'TC44', 'TC15', 'TC25', 'TC57', 'TC42', 'TC37', 'TC51', 'TC21', 'TC43', 'TC23', 'TC16', 'TC39', 'TC22', 'TC29', 'TC26', 'TC56', 'TC30', 'TC61', 'TC13', 'TC5', 'TC54', 'TC31', 'TC19', 'TC47', 'TC60', 'TC27'}",67,LOW,"The changes are purely textual updates, correcting accentuation and punctuation without altering the system behavior or requirements.",1447
36,src/UC001_Solicitar_Diarias.claret,exp01_rgp-diarias_v1.2.4,exp01_rgp-diarias_v1.2.5,"-		step 16 system ""Exibe a opcao escolhida: pernoite.""	","+		step 16 system ""Exibe a opção escolhida: pernoite.""	",LOW,0,66,1,"{'TC48', 'TC6', 'TC24', 'TC2', 'TC50', 'TC9', 'TC55', 'TC49', 'TC58', 'TC53', 'TC28', 'TC41', 'TC11', 'TC66', 'TC36', 'TC62', 'TC4', 'TC3', 'TC52', 'TC10', 'TC1', 'TC33', 'TC20', 'TC32', 'TC8', 'TC38', 'TC40', 'TC65', 'TC18', 'TC64', 'TC12', 'TC7', 'TC67', 'TC63', 'TC46', 'TC14', 'TC59', 'TC17', 'TC35', 'TC34', 'TC44', 'TC15', 'TC25', 'TC57', 'TC42', 'TC37', 'TC51', 'TC21', 'TC43', 'TC23', 'TC16', 'TC39', 'TC22', 'TC29', 'TC26', 'TC56', 'TC30', 'TC61', 'TC13', 'TC5', 'TC54', 'TC31', 'TC19', 'TC47', 'TC60', 'TC27'}",67,LOW,The change is a mere typographical correction and does not affect the system's behavior.,1403
37,src/UC001_Solicitar_Diarias.claret,exp01_rgp-diarias_v1.2.4,exp01_rgp-diarias_v1.2.5,"-		step 18 system ""Exibe a opcao escolhida: justificativa.""	","+		step 18 system ""Exibe a opção escolhida: justificativa.""	",LOW,0,66,1,"{'TC48', 'TC6', 'TC24', 'TC2', 'TC50', 'TC9', 'TC55', 'TC49', 'TC58', 'TC53', 'TC28', 'TC41', 'TC11', 'TC66', 'TC36', 'TC62', 'TC4', 'TC3', 'TC52', 'TC10', 'TC1', 'TC33', 'TC20', 'TC32', 'TC8', 'TC38', 'TC40', 'TC65', 'TC18', 'TC64', 'TC12', 'TC7', 'TC67', 'TC63', 'TC46', 'TC14', 'TC59', 'TC17', 'TC35', 'TC34', 'TC44', 'TC15', 'TC25', 'TC57', 'TC42', 'TC37', 'TC51', 'TC21', 'TC43', 'TC23', 'TC16', 'TC39', 'TC22', 'TC29', 'TC26', 'TC56', 'TC30', 'TC61', 'TC13', 'TC5', 'TC54', 'TC31', 'TC19', 'TC47', 'TC60', 'TC27'}",67,LOW,"The change is a textual update related to a typographical accent (the accent on 'opção'), which does not alter the system's expected behavior.",1314
38,src/UC001_Solicitar_Diarias.claret,exp01_rgp-diarias_v1.2.4,exp01_rgp-diarias_v1.2.5,"-		step 21 usuario ""Seleciona o(s) beneficiarios da(s) diaria(s)."" af[5]	-		step 22 system ""Exibe os beneficiarios selecionados."" ef[5]	-		step 23 usuario ""Seleciona o(s) beneficiarios da(s) diaria(s).""	-		step 24 system ""Confirma a existencia de conta para recebimento de diarias do servidor."" ef[2]	-		step 25 usuario ""Clica em confirmar."" af [4]	-		step 26 system ""Calcula o valor da(s) diaria(s) com as informacoes do formulario."" ef[3,4]	","+		step 21 usuario ""Seleciona o(s) beneficiário(s) da(s) diária(s)."" af[5]	+		step 22 system ""Exibe os beneficiário(s) selecionado(s)."" ef[5]	+		step 23 usuario ""Seleciona o(s) beneficiário(s) da(s) diária(s).""	+		step 24 system ""Confirma a existência de conta para recebimento de diárias do servidor."" ef[2]	+		step 25 usuario ""Clica em confirmar."" af[4]	+		step 26 system ""Calcula o valor da(s) diária(s) com as informações do formulário."" ef[3,4]	",LOW,0,66,1,"{'TC48', 'TC6', 'TC24', 'TC2', 'TC50', 'TC9', 'TC55', 'TC49', 'TC58', 'TC53', 'TC28', 'TC41', 'TC11', 'TC66', 'TC36', 'TC62', 'TC4', 'TC3', 'TC52', 'TC10', 'TC1', 'TC33', 'TC20', 'TC32', 'TC8', 'TC38', 'TC40', 'TC65', 'TC18', 'TC64', 'TC12', 'TC7', 'TC67', 'TC63', 'TC46', 'TC14', 'TC59', 'TC17', 'TC35', 'TC34', 'TC44', 'TC15', 'TC25', 'TC57', 'TC42', 'TC37', 'TC51', 'TC21', 'TC43', 'TC23', 'TC16', 'TC39', 'TC22', 'TC29', 'TC26', 'TC56', 'TC30', 'TC61', 'TC13', 'TC5', 'TC54', 'TC31', 'TC19', 'TC47', 'TC60', 'TC27'}",67,LOW,The changes are merely textual updates to spelling and grammar without affecting the system behavior.,1856
39,src/UC001_Solicitar_Diarias.claret,exp01_rgp-diarias_v1.2.4,exp01_rgp-diarias_v1.2.5,-						1. Magistrados e desembargadores: não podem ultrapassar 60% do valor de um diária de um ministro do STF.	,+						1. Magistrados e desembargadores: não podem ultrapassar 60% do valor de uma diária de um ministro do STF.	,LOW,0,12,55,"{'TC22', 'TC67', 'TC33', 'TC38', 'TC56', 'TC61', 'TC50', 'TC44', 'TC5', 'TC11', 'TC16', 'TC27'}",67,LOW,The change is merely textual and does not alter the meaning or behavior of the use case.,2175
40,src/UC001_Solicitar_Diarias.claret,exp01_rgp-diarias_v1.2.4,exp01_rgp-diarias_v1.2.5,"-		step 28 system ""Altera o status da diaria para SOLICITADA: (antes) para empenho; ou, (depois) para prestação de contas""	","+		step 28 system ""Altera o status da diária para SOLICITADA: (antes) para empenho; ou, (depois) para prestação de contas.""	",LOW,0,12,55,"{'TC22', 'TC67', 'TC33', 'TC38', 'TC56', 'TC61', 'TC50', 'TC44', 'TC5', 'TC11', 'TC16', 'TC27'}",67,LOW,"The change is merely textual, involving punctuation, and does not alter the system behavior.",2269
41,src/UC001_Solicitar_Diarias.claret,exp01_rgp-diarias_v1.2.4,exp01_rgp-diarias_v1.2.5,"-		step 2 system ""Exibe a opcao escolhida: viagem nacional - dentro do estado (intermunicipal)""	","+		step 2 system ""Exibe a opção escolhida: viagem nacional - dentro do estado (intermunicipal).""	",LOW,0,22,45,"{'TC24', 'TC41', 'TC28', 'TC36', 'TC32', 'TC33', 'TC38', 'TC40', 'TC35', 'TC34', 'TC44', 'TC25', 'TC42', 'TC37', 'TC43', 'TC23', 'TC39', 'TC29', 'TC26', 'TC30', 'TC31', 'TC27'}",67,LOW,"The change is a minor textual edit involving punctuation and accents, which does not alter the meaning or expected behavior of the system.",1796
42,src/UC001_Solicitar_Diarias.claret,exp01_rgp-diarias_v1.2.4,exp01_rgp-diarias_v1.2.5,"-		step 4 system ""Exibe a opcao escolhida: país da viagem""	","+		step 4 system ""Exibe a opção escolhida: país da viagem.""	",LOW,0,22,45,"{'TC6', 'TC2', 'TC9', 'TC11', 'TC4', 'TC3', 'TC1', 'TC10', 'TC20', 'TC8', 'TC18', 'TC12', 'TC7', 'TC14', 'TC17', 'TC15', 'TC21', 'TC16', 'TC22', 'TC13', 'TC5', 'TC19'}",67,LOW,"the change is merely textual, involving punctuation and does not affect the system's behavior.",1909
43,src/UC001_Solicitar_Diarias.claret,exp01_rgp-diarias_v1.2.4,exp01_rgp-diarias_v1.2.5,"-	alternative 3 ""Pedido de Diaria apos realizacao da viagem."" {	-		step 1 usuario ""Informa as datas de afastamento, apos o ultimo dia de viagem."" bs 14 	","+	alternative 3 ""Pedido de diária após realização da viagem."" {	+		step 1 usuario ""Informa as datas de afastamento, após o último dia de viagem."" bs 14 	",LOW,0,33,34,"{'TC48', 'TC6', 'TC24', 'TC2', 'TC50', 'TC9', 'TC55', 'TC49', 'TC53', 'TC28', 'TC11', 'TC4', 'TC3', 'TC1', 'TC10', 'TC32', 'TC33', 'TC52', 'TC8', 'TC7', 'TC46', 'TC25', 'TC51', 'TC23', 'TC29', 'TC26', 'TC56', 'TC30', 'TC5', 'TC54', 'TC31', 'TC47', 'TC27'}",67,LOW,The changes are purely textual (typos and punctuation corrections) without impacting the system's behavior.,1428
44,src/UC001_Solicitar_Diarias.claret,exp01_rgp-diarias_v1.2.4,exp01_rgp-diarias_v1.2.5,"-		step 1 usuario ""Seleciona o(s) beneficiarios da(s) diaria(s).""	-		step 2 system ""Exibe os beneficiarios selecionados e o campo para preenchimento do nome social""	-		step 3 usuario ""Informa o nome social do beneficiario da(s) diaria(s)"" bs 24	","+		step 1 usuario ""Seleciona o(s) beneficiário(s) da(s) diária(s).""	+		step 2 system ""Exibe os beneficiário(s) selecionado(s) e o campo para preenchimento do nome social.""	+		step 3 usuario ""Informa o nome social do beneficiário da(s) diária(s)."" bs 24	",LOW,0,66,1,"{'TC48', 'TC6', 'TC24', 'TC2', 'TC50', 'TC9', 'TC55', 'TC49', 'TC58', 'TC53', 'TC28', 'TC41', 'TC11', 'TC66', 'TC36', 'TC62', 'TC4', 'TC3', 'TC52', 'TC10', 'TC1', 'TC33', 'TC20', 'TC32', 'TC8', 'TC38', 'TC40', 'TC65', 'TC18', 'TC64', 'TC12', 'TC7', 'TC67', 'TC63', 'TC46', 'TC14', 'TC59', 'TC17', 'TC35', 'TC34', 'TC44', 'TC15', 'TC25', 'TC57', 'TC42', 'TC37', 'TC51', 'TC21', 'TC43', 'TC23', 'TC16', 'TC39', 'TC22', 'TC29', 'TC26', 'TC56', 'TC30', 'TC61', 'TC13', 'TC5', 'TC54', 'TC31', 'TC19', 'TC47', 'TC60', 'TC27'}",67,LOW,"The changes are merely textual updates, correcting typos and ensuring consistent pluralization without altering the system behavior or functionality.",1324
45,src/UC001_Solicitar_Diarias.claret,exp01_rgp-diarias_v1.2.4,exp01_rgp-diarias_v1.2.5,"-	exception 5 ""Conta para recebimento de diárias não cadastrada"" {	-		step 1 system ""Não confirma a existencia de conta para recebimento de diarias do servidor.	","+	exception 5 ""Conta para recebimento de diárias não cadastrada."" {	+		step 1 system ""Não confirma a existência de conta para recebimento de diárias do servidor.	",LOW,0,6,61,"{'TC6', 'TC17', 'TC28', 'TC51', 'TC62', 'TC39'}",67,LOW,"The changes are purely textual updates; there is a correction of a typo and punctuation, with no alteration to the system's expected behavior.",1794
46,src/UC001_Solicitar_Diarias.claret,exp01_rgp-diarias_v1.2.4,exp01_rgp-diarias_v1.2.5,"-	postCondition ""O sistema salva os dados""	-}	",,HIGH,0,12,55,"{'TC22', 'TC67', 'TC33', 'TC38', 'TC56', 'TC61', 'TC50', 'TC44', 'TC5', 'TC11', 'TC16', 'TC27'}",67,HIGH,"The removal of the post-condition changes the expected behavior of the system, indicating a high-impact alteration.",1730
47,src/UC002_Gerenciar_Diarias_Do_Beneficiario_Minhas_Diarias.claret,exp01_rgp-diarias_v1.2.4,exp01_rgp-diarias_v1.2.5,"-	preCondition ""O usuario devidamente autenticado e na tela inicial do sistema""	","+	preCondition ""O usuário devidamente autenticado e na tela inicial do sistema.""	",LOW,0,5,0,"{'TC1', 'TC2', 'TC5', 'TC4', 'TC3'}",5,LOW,"The change is a punctuation and spelling correction, which does not alter system behavior.",2037
48,src/UC002_Gerenciar_Diarias_Do_Beneficiario_Minhas_Diarias.claret,exp01_rgp-diarias_v1.2.4,exp01_rgp-diarias_v1.2.5,"-		step 1 usuario ""O usuario acessa o caso de uso atraves do menu."" af[1,2,3,4]	","+		step 1 usuario ""Acessa o caso de uso através do menu."" af[1,2,3,4]	",LOW,0,1,4,{'TC5'},5,LOW,"The change is a syntactic edit, merely updating the phrasing without altering the system's expected behavior.",2191
49,src/UC002_Gerenciar_Diarias_Do_Beneficiario_Minhas_Diarias.claret,exp01_rgp-diarias_v1.2.4,exp01_rgp-diarias_v1.2.5,"-		step 2 system ""Apresenta a tela de Detalhar Diárias""	","+		step 2 system ""Apresenta a tela de Detalhar Diárias.""	",LOW,0,1,4,{'TC3'},5,LOW,The change is a punctuation update (adding a period) and does not alter the system's behavior.,1200
50,src/UC002_Gerenciar_Diarias_Do_Beneficiario_Minhas_Diarias.claret,exp01_rgp-diarias_v1.2.4,exp01_rgp-diarias_v1.2.5,"-		step 2 system ""Apresenta a tela de Analisar Prestação de Contas""	","+		step 2 system ""Apresenta a tela de Analisar Prestação de Contas.""	",LOW,0,1,4,{'TC2'},5,LOW,"The change is merely a punctuation update, which does not affect the system's behavior.",1288
51,src/UC002_Gerenciar_Diarias_Do_Beneficiario_Minhas_Diarias.claret,exp01_rgp-diarias_v1.2.4,exp01_rgp-diarias_v1.2.5,"-		step 2 system ""Apresenta a tela de Cancelar Solicitação de Diária""	","+		step 2 system ""Apresenta a tela de Cancelar Solicitação de Diária.""	",LOW,0,1,4,{'TC1'},5,LOW,"The change is merely a textual update related to punctuation, not affecting system behavior.",1889
52,src/UC003_Cancelar_Solicitacao_Diaria.claret,exp01_rgp-diarias_v1.2.4,exp01_rgp-diarias_v1.2.5,"-	preCondition ""O usuario devidamente autenticado e na tela inicial de cancelar diárias""	","+	preCondition ""O usuário devidamente autenticado e na tela inicial de cancelar diárias.""	",LOW,0,5,0,"{'TC1', 'TC2', 'TC5', 'TC4', 'TC3'}",5,LOW,"The changes are merely textual, involving spelling correction and punctuation adjustment, which do not affect the system behavior.",2141
53,src/UC003_Cancelar_Solicitacao_Diaria.claret,exp01_rgp-diarias_v1.2.4,exp01_rgp-diarias_v1.2.5,"-		step 2 system ""Exibe a mensagem (MSG102 - Confirmar cancelamento)"" ef[1]	","+		step 2 system ""Exibe a mensagem (MSG102 - Confirmar cancelamento)."" ef[1]	",LOW,0,4,1,"{'TC1', 'TC2', 'TC4', 'TC5'}",5,LOW,The change is a syntactic edit that does not affect the system behavior; it only adds punctuation.,1831
54,src/UC003_Cancelar_Solicitacao_Diaria.claret,exp01_rgp-diarias_v1.2.4,exp01_rgp-diarias_v1.2.5,"-					Impede o cancelamento e exibe mensagem de erro (MSG205 - Solcitação de diária não pode ser cancelada) para o usuário.""	","+					Impede o cancelamento e exibe mensagem de erro (MSG205 - Solicitação de diária não pode ser cancelada) para o usuário.""	",LOW,0,1,4,{'TC3'},5,LOW,The change is a correction of a typographical error ('Solcitação' to 'Solicitação') and does not alter the system's expected behavior.,1655
55,src/UC003_Cancelar_Solicitacao_Diaria.claret,exp01_rgp-diarias_v1.2.4,exp01_rgp-diarias_v1.2.5,"-		step 2 system ""Exibe a mensagem (MSG102 - Confirmar cancelamento)"" 	","+		step 2 system ""Exibe a mensagem (MSG102 - Confirmar cancelamento)."" 	",LOW,0,4,1,"{'TC1', 'TC2', 'TC4', 'TC5'}",5,LOW,"The change is merely a punctuation correction, which does not alter the system's expected behavior.",2381
56,src/UC003_Cancelar_Solicitacao_Diaria.claret,exp01_rgp-diarias_v1.2.4,exp01_rgp-diarias_v1.2.5,"-					Não efetiva o cancelamento e exibe mensagem de erro (MSG217 - Necessário informar uma justificativa para o cancelamento de solicitações	) para o usuário.""	","+					Não efetiva o cancelamento e exibe mensagem de erro (MSG217 - Necessário informar uma justificativa para o cancelamento de solicitações) para o usuário.""	",LOW,0,2,3,"{'TC1', 'TC4'}",5,LOW,The change is a textual update related to formatting (removal of an extra whitespace) and does not affect the system's expected behavior.,1208
57,src/UC004_Detalhar_Diarias.claret,exp01_rgp-diarias_v1.2.4,exp01_rgp-diarias_v1.2.5,"-	preCondition ""O usuario devidamente autenticado e na tela de listagem de diárias""	","+	preCondition ""O usuário devidamente autenticado e na tela de listagem de diárias.""	",LOW,0,3,0,"{'TC1', 'TC2', 'TC3'}",3,LOW,"The change is merely textual, correcting a typo and adding punctuation, without affecting system behavior.",2610
58,src/UC004_Detalhar_Diarias.claret,exp01_rgp-diarias_v1.2.4,exp01_rgp-diarias_v1.2.5,"-		step 2 system ""Apresenta a tela com as informações da diária do servidor (dados gerais da diária, extratificação do cálculo da diária, conta para crédito, período da viagem, histórico de tramitação, detalhamento de empenho e pagamento, prestação de contas e seus detalhes).	-					Apresenta o numero do empenho e a autorização de pagamento como links.	","+		step 2 system ""Apresenta a tela com as informações da diária do servidor (dados gerais da diária, estratificação do cálculo da diária, conta para crédito, período da viagem, histórico de tramitação, detalhamento de empenho e pagamento, prestação de contas e seus detalhes).	+					Apresenta o número do empenho e a autorização de pagamento como links.	",LOW,0,1,2,{'TC3'},3,LOW,The changes are merely textual updates that correct typos and do not affect the system behavior.,2067
59,src/UC005_Listar_Empenhos_Pendentes.claret,exp01_rgp-diarias_v1.2.4,exp01_rgp-diarias_v1.2.5,"-	preCondition ""O usuario devidamente autenticado e na tela de listagem de empenhos""	","+	preCondition ""O usuário devidamente autenticado e na tela de listagem de empenhos.""	",LOW,0,7,0,"{'TC1', 'TC6', 'TC2', 'TC5', 'TC7', 'TC4', 'TC3'}",7,LOW,"The change is a syntactic edit related to punctuation and accentuation, which does not affect the system's behavior.",1734
60,src/UC005_Listar_Empenhos_Pendentes.claret,exp01_rgp-diarias_v1.2.4,exp01_rgp-diarias_v1.2.5,"-		step 2 system ""Exibe a lista de solicitações aguardando serem empenhadas ordenado pelo numero da diaria em ordem crescente.""	","+		step 2 system ""Exibe a lista de solicitações aguardando serem empenhadas, de todos os servidores, ordenado pelo número da diária em ordem crescente.""	",LOW,0,1,6,{'TC7'},7,HIGH,"The change clarifies that the list now includes requests from all servers, altering the expected behavior of the system.",1809
61,src/UC005_Listar_Empenhos_Pendentes.claret,exp01_rgp-diarias_v1.2.4,exp01_rgp-diarias_v1.2.5,"-					Apresenta a tela de Detalhar Diárias""	","+					Apresenta a tela de Detalhar Diárias.""	",LOW,0,1,6,{'TC6'},7,LOW,"The change is a minor punctuation edit, which does not impact the system behavior.",1135
62,src/UC005_Listar_Empenhos_Pendentes.claret,exp01_rgp-diarias_v1.2.4,exp01_rgp-diarias_v1.2.5,"-		step 1 usuario ""filtra a listagem por registros cujos beneficiários não possuem número do credor""	","+		step 1 usuario ""Filtra a listagem por registros cujos beneficiários não possuem número do credor.""	",LOW,0,3,4,"{'TC4', 'TC5', 'TC3'}",7,LOW,"The change is purely textual, involving capitalization and punctuation, which does not affect the system behavior.",1193
63,src/UC005_Listar_Empenhos_Pendentes.claret,exp01_rgp-diarias_v1.2.4,exp01_rgp-diarias_v1.2.5,"-		step 2 system ""Apresenta a tela de Registrar Empenho""	","+		step 2 system ""Apresenta a tela de Registrar Empenho.""	",LOW,0,1,6,{'TC1'},7,LOW,"The change is merely a punctuation update, which does not affect the system behavior.",959
64,src/UC006_Registrar_Empenho.claret,exp01_rgp-diarias_v1.2.4,exp01_rgp-diarias_v1.2.5,"-		""O Sistema exibe os dados da solicitação para o usuário.""	","+		""O sistema exibe os dados da solicitação para o usuário.""	",LOW,0,3,0,"{'TC1', 'TC2', 'TC3'}",3,LOW,The change is merely a textual update with no impact on the system behavior.,1306
65,src/UC006_Registrar_Empenho.claret,exp01_rgp-diarias_v1.2.4,exp01_rgp-diarias_v1.2.5,"-					Exibe mensagem de erro (MSG209 - Número do empenho já existe.) para o usuário.""	","+					Exibe mensagem de erro (MSG209 - Número do empenho já existe) para o usuário.""	",LOW,0,1,2,{'TC2'},3,LOW,The change is merely a punctuation edit and does not alter the system's expected behavior.,1836
66,src/UC007_Listar_Autorizacoes_Pagamentos_Pendentes.claret,exp01_rgp-diarias_v1.2.4,exp01_rgp-diarias_v1.2.5,"-	preCondition ""O usuario devidamente autenticado e na tela inicial do sistema""	","+	preCondition ""O usuário devidamente autenticado e na tela inicial do sistema.""	",LOW,0,5,0,"{'TC1', 'TC2', 'TC5', 'TC4', 'TC3'}",5,LOW,The changes are textual updates and do not affect the system behavior or requirements.,2268
67,src/UC007_Listar_Autorizacoes_Pagamentos_Pendentes.claret,exp01_rgp-diarias_v1.2.4,exp01_rgp-diarias_v1.2.5,"-		step 2 system ""Recupera e exibe para o usuário a lista de diárias aptas para pagamento ordenado pelo numero de diarias em ordem crescente.	","+		step 2 system ""Recupera e exibe para o usuário a lista de diárias aptas para pagamento ordenado pelo número de diárias em ordem crescente.	",LOW,0,5,0,"{'TC1', 'TC2', 'TC5', 'TC4', 'TC3'}",5,LOW,"The change is merely a syntactic edit with the addition of a plus sign, indicating a potential versioning edit, but it does not alter the system's expected behavior or semantics.",1208
68,src/UC007_Listar_Autorizacoes_Pagamentos_Pendentes.claret,exp01_rgp-diarias_v1.2.4,exp01_rgp-diarias_v1.2.5,"-		step 3 usuario ""Seleciona uma diária apta para pagamento"" af[1,2,3,4]	-		step 4 system ""Destaca a diária selecionada""	","+		step 3 usuario ""Seleciona uma diária apta para pagamento."" af[1,2,3,4]	+		step 4 system ""Destaca a diária selecionada.""	",LOW,0,1,4,{'TC5'},5,LOW,"The changes were merely textual adjustments (punctuation), which do not alter the system's behavior or functionality.",2008
69,src/UC007_Listar_Autorizacoes_Pagamentos_Pendentes.claret,exp01_rgp-diarias_v1.2.4,exp01_rgp-diarias_v1.2.5,"-		step 2 system ""Apresenta a tela de Detalhar Diárias""	","+		step 2 system ""Apresenta a tela de Detalhar Diárias.""	",LOW,0,1,4,{'TC4'},5,LOW,"The change is merely a punctuation edit, which does not alter the system behavior.",1268
70,src/UC007_Listar_Autorizacoes_Pagamentos_Pendentes.claret,exp01_rgp-diarias_v1.2.4,exp01_rgp-diarias_v1.2.5,"-		step 2 system ""Atualiza a lista de registros de solicitações, onde o nome deverá constar o nome do usuário logado (que se atribuiu como responsável pela AP) no campo de atribuição (no caso de desatribuição, o nome deverá ser removido).""	","+		step 2 system ""Atualiza a lista de registros de solicitações, onde deverá constar o nome do usuário logado (que se atribuiu como responsável pela AP) no campo de atribuição (no caso de desatribuição, o nome deverá ser removido).""	",LOW,0,1,4,{'TC3'},5,LOW,The change is a minor textual edit that removes the word 'deverá' without altering the overall intent or functionality of the system behavior.,1198
71,src/UC007_Listar_Autorizacoes_Pagamentos_Pendentes.claret,exp01_rgp-diarias_v1.2.4,exp01_rgp-diarias_v1.2.5,"-		step 2 system ""Apresenta a tela de Registrar Autorizações de Pagamento""	","+		step 2 system ""Apresenta a tela de Registrar Autorizações de Pagamento.""	",LOW,0,1,4,{'TC2'},5,LOW,"The change is merely a punctuation adjustment, which does not alter the system's expected behavior.",1173
72,src/UC008_Registrar_Autorizacao_de_Pagamento.claret,exp01_rgp-diarias_v1.2.4,exp01_rgp-diarias_v1.2.5,"-		step 3 usuario ""Informa o número de Autorização de Pagamento e do Exercício.""	","+		step 1 usuario ""Informa o número de Autorização de Pagamento e do Exercício.""	",LOW,0,3,0,"{'TC1', 'TC2', 'TC3'}",3,LOW,The change is a renumbering of the step without altering the content or the expected behavior of the system.,1219
73,src/UC008_Registrar_Autorizacao_de_Pagamento.claret,exp01_rgp-diarias_v1.2.4,exp01_rgp-diarias_v1.2.5,"-		step 4 usuario ""Confirma a operação.""	-		step 5 system ""Persiste o número da AP e o ano de exercício conforme informados;	","+		step 3 usuario ""Confirma a operação.""	+		step 4 system ""Persiste o número da AP e o ano de exercício conforme informados;	",LOW,0,3,0,"{'TC1', 'TC2', 'TC3'}",3,HIGH,"The change alters the flow of steps in the use case, specifically moving the confirmation step from 4 to 3, which affects the expected behavior and order of operations in the system.",1321
74,src/UC008_Registrar_Autorizacao_de_Pagamento.claret,exp01_rgp-diarias_v1.2.4,exp01_rgp-diarias_v1.2.5,"-					Interrompe a operação e exibe mensagem de erro (MSG210 - Número da autorização de pagamento já existe.) para o usuário.""	","+					Interrompe a operação e exibe mensagem de erro (MSG210 - Número da autorização de pagamento já existe) para o usuário.""	",LOW,0,1,2,{'TC2'},3,LOW,"The change is purely a textual edit, specifically a punctuation removal, and does not alter the system's behavior.",1086
75,src/UC009_Prestar_Contas.claret,exp01_rgp-diarias_v1.2.4,exp01_rgp-diarias_v1.2.5,"-	preCondition ""O usuario devidamente autenticado e na tela inicial do sistema""	","+	preCondition ""O usuário devidamente autenticado e na tela inicial do sistema.""	",LOW,0,10,0,"{'TC1', 'TC10', 'TC8', 'TC6', 'TC2', 'TC9', 'TC5', 'TC7', 'TC4', 'TC3'}",10,LOW,The change is merely a textual correction (typo) and does not alter the system behavior.,2156
76,src/UC009_Prestar_Contas.claret,exp01_rgp-diarias_v1.2.4,exp01_rgp-diarias_v1.2.5,"-		step 5 usuario ""Verifica o histório da tramitação da prestação de contas."" af[1,2,3,4,5]	-		step 6 system ""Exibe o histórico da tramitação da prestação de contas."" 	","+		step 5 usuario ""Verifica o histórico da tramitação da prestação de contas."" af[1,2,3,4,5]	+		step 6 system ""Exibe o histórico da tramitação da prestação de contas.""	",LOW,0,7,3,"{'TC10', 'TC8', 'TC6', 'TC9', 'TC5', 'TC7', 'TC4'}",10,LOW,"The changes made are purely textual updates (typo correction and formatting), which do not affect the system behavior.",1370
77,src/UC009_Prestar_Contas.claret,exp01_rgp-diarias_v1.2.4,exp01_rgp-diarias_v1.2.5,"-					Permite não permite um novo envio ou alterações na prestação (exclusão de documentos).""	","+					Não permite um novo envio ou alterações na prestação (exclusão de documentos).""	",LOW,0,1,9,{'TC2'},10,HIGH,"The change alters the system's behavior by changing an allowed action to a disallowed one, impacting the functionality.",1479
78,src/UC009_Prestar_Contas.claret,exp01_rgp-diarias_v1.2.4,exp01_rgp-diarias_v1.2.5,"-		step 2 system ""Apresenta a tela de Detalhar Diárias""	","+		step 2 system ""Apresenta a tela de Detalhar Diárias.""	",LOW,0,1,9,{'TC4'},10,LOW,The change is merely a punctuation correction (a period was added) and does not affect the system's behavior or requirements.,1375
79,src/UC010_Analisar_Prestacao_de_Contas.claret,exp01_rgp-diarias_v1.2.4,exp01_rgp-diarias_v1.2.5,"-	preCondition ""O usuario devidamente autenticado e na tela inicial do sistema""	","+	preCondition ""O usuário devidamente autenticado e na tela inicial do sistema.""	",LOW,0,5,0,"{'TC1', 'TC2', 'TC5', 'TC4', 'TC3'}",5,LOW,the change is a minor textual edit (typo correction and punctuation) that does not affect system behavior.,2161
80,src/UC010_Analisar_Prestacao_de_Contas.claret,exp01_rgp-diarias_v1.2.4,exp01_rgp-diarias_v1.2.5,"-		step 6 usuario ""Verifica o histório da tramitação da prestação de contas e clica para analisar a prestação de contas.""	-		step 7 system ""Exibe a tela para prestação de contas""	-		step 8 usuario ""Informa o parecer da prestação de contas.""	-		step 9 system ""Exibe mensagem de confirmação (MSG105 - Confirmar parecer da prestação de contas) para o usuário.""	-		step 10 usuario ""Confirma o parecer dado (confirma operação)."" af[1,2]	-		step 11 system ""Persiste as informações, alterando o status da prestação de contas conforme informada pelo usuário;	","+		step 5 usuario ""Verifica o histórico da tramitação da prestação de contas e clica para analisar a prestação de contas.""	+		step 6 system ""Exibe a tela para prestação de contas.""	+		step 7 usuario ""Informa o parecer da prestação de contas.""	+		step 8 system ""Exibe mensagem de confirmação (MSG105 - Confirmar parecer da prestação de contas) para o usuário.""	+		step 9 usuario ""Confirma o parecer dado (confirma operação)."" af[1,2]	+		step 10 system ""Persiste as informações, alterando o status da prestação de contas conforme informada pelo usuário;	",LOW,0,4,1,"{'TC2', 'TC4', 'TC5', 'TC3'}",5,LOW,The changes are merely a reordering of existing steps without altering the system's behavior.,2368
81,src/UC010_Analisar_Prestacao_de_Contas.claret,exp01_rgp-diarias_v1.2.4,exp01_rgp-diarias_v1.2.5,"-		step 2 system ""Exibe a tela de Detalhar Diárias""	","+		step 2 system ""Exibe a tela de Detalhar Diárias.""	",LOW,0,1,4,{'TC2'},5,LOW,"The change is merely a punctuation correction (a period added at the end of the statement), which does not affect the system's behavior.",1603
82,src/UC010_Analisar_Prestacao_de_Contas.claret,exp01_rgp-diarias_v1.2.4,exp01_rgp-diarias_v1.2.5,"-	exception 1 ""Campos obrigatório não preenchidos"" {	-		step 1 system ""Identifica que campos obrigatórios do parecer/análise não foram devidamente preenchidos	","+	exception 1 ""Campos obrigatórios não preenchidos"" {	+		step 1 system ""Identifica que campos obrigatórios do parecer/análise não foram devidamente preenchidos;	",LOW,0,1,4,{'TC4'},5,LOW,The change is merely a syntactical update involving punctuation and does not alter the system expected behavior.,1239
83,src/UC011_Listar_Solicitacoes_de_Diarias.claret,exp01_rgp-diarias_v1.2.4,exp01_rgp-diarias_v1.2.5,"-	preCondition ""O usuario devidamente autenticado e na tela inicial do sistema""	","+	preCondition ""O usuário devidamente autenticado e na tela inicial do sistema.""	",LOW,0,5,0,"{'TC1', 'TC2', 'TC5', 'TC4', 'TC3'}",5,LOW,"The change is merely a textual update involving the correction of the spelling of 'usuario' to 'usuário' and the addition of a period at the end, which does not alter the system behavior or semantics.",2305
84,src/UC011_Listar_Solicitacoes_de_Diarias.claret,exp01_rgp-diarias_v1.2.4,exp01_rgp-diarias_v1.2.5,"-		step 4 usuario ""Visualiza os registros de solicitações de diária."" af[1,2,3,4]	-		step 5 system ""Exibe os registros de solicitações de diária.""	","+		step 3 usuario ""Visualiza os registros de solicitações de diária."" af[1,2,3,4]	+		step 4 system ""Exibe os registros de solicitações de diária.""	",LOW,0,2,3,"{'TC1', 'TC5'}",5,LOW,The changes are merely a reordering of steps and do not alter the system's expected behavior or functionality.,1253
85,src/UC011_Listar_Solicitacoes_de_Diarias.claret,exp01_rgp-diarias_v1.2.4,exp01_rgp-diarias_v1.2.5,"-					Apresenta a tela de Detalhar Diárias""	","+					Apresenta a tela de Detalhar Diárias.""	",LOW,0,1,4,{'TC4'},5,LOW,"The change is a syntactic edit, specifically a punctuation adjustment, which does not affect the system behavior.",1145
86,src/UC011_Listar_Solicitacoes_de_Diarias.claret,exp01_rgp-diarias_v1.2.4,exp01_rgp-diarias_v1.2.5,"-		step 4 system ""Exibe uma nova listagem de solicitações, de acordo com os filtros informados pelo usuário.""	","+		step 2 system ""Exibe uma nova listagem de solicitações, de acordo com os filtros informados pelo usuário.""	",LOW,0,1,4,{'TC2'},5,HIGH,"The change in step number alters the flow of the use case, affecting the sequence of operations and potentially the system's behavior.",2089
87,src/UC012_Listar_Liquidacoes_Pendentes.claret,exp01_rgp-diarias_v1.2.4,exp01_rgp-diarias_v1.2.5,"-	preCondition ""O usuario devidamente autenticado e na tela inicial do sistema""	","+	preCondition ""O usuário devidamente autenticado e na tela inicial do sistema.""	",LOW,0,4,0,"{'TC1', 'TC2', 'TC4', 'TC3'}",4,LOW,The changes are merely textual and do not affect system behavior.,1480
88,src/UC012_Listar_Liquidacoes_Pendentes.claret,exp01_rgp-diarias_v1.2.4,exp01_rgp-diarias_v1.2.5,"-		step 4 system ""Exibe a lista de diárias (solicitações) aptas para pagamento ordenado pelo numero da diaria em ordem crescente.	-					Exibe esta lista de diarias também ordenada pela data de chegada da solicitação na fase de liquidação (após registrar o empenho).""	","+		step 4 system ""Exibe a lista de diárias (solicitações) aptas para pagamento ordenado pelo número da diária em ordem crescente.	+					Exibe esta lista de diárias também ordenada pela data de chegada da solicitação na fase de liquidação (após registrar o empenho).""	",LOW,0,1,3,{'TC4'},4,LOW,"The change is a minor textual edit, specifically correcting a typo in the word 'diaria' to 'diária', which does not alter the system's expected behavior.",1430
89,src/UC012_Listar_Liquidacoes_Pendentes.claret,exp01_rgp-diarias_v1.2.4,exp01_rgp-diarias_v1.2.5,"-	  	step 2 system ""Apresenta a tela de Detalhar Diárias""	","+	  	step 2 system ""Apresenta a tela de Detalhar Diárias.""	",LOW,0,1,3,{'TC3'},4,LOW,"The change is merely a textual update related to punctuation, which does not affect the system's expected behavior.",1492
90,src/UC012_Listar_Liquidacoes_Pendentes.claret,exp01_rgp-diarias_v1.2.4,exp01_rgp-diarias_v1.2.5,"-	  	step 2 system ""Atualiza a lista de registros de solicitações, onde o nome deverá constar o nome do usuário logado (que se atribuiu como responsável pela liquidação) no campo de atribuição (no caso de desatribuição, o nome deverá ser removido).""	","+	  	step 2 system ""Atualiza a lista de registros de solicitações, onde deverá constar o nome do usuário logado (que se atribuiu como responsável pela liquidação) no campo de atribuição (no caso de desatribuição, o nome deverá ser removido).""	",LOW,0,1,3,{'TC2'},4,LOW,"The change is a syntactic edit, removing the word 'deverá' without affecting the overall system behavior.",1416
91,src/UC012_Listar_Liquidacoes_Pendentes.claret,exp01_rgp-diarias_v1.2.4,exp01_rgp-diarias_v1.2.5,"-	  	step 2 system ""Apresenta a tela de Registrar Liquidações""	","+	  	step 2 system ""Apresenta a tela de Registrar Liquidações.""	",LOW,0,1,3,{'TC1'},4,LOW,"The change is a syntactic edit, specifically a punctuation update, and does not affect system behavior.",2286
92,src/UC013_Registrar_Liquidacao.claret,exp01_rgp-diarias_v1.2.4,exp01_rgp-diarias_v1.2.5,"-	preCondition ""O Sistema identifica a solicitação a ter a liquidação registrada (recebida por parâmetro)"",	","+	preCondition ""O sistema identifica a solicitação a ter a liquidação registrada (recebida por parâmetro)"",	",LOW,0,3,0,"{'TC1', 'TC2', 'TC3'}",3,LOW,"The change is merely a syntactic update to the preCondition text, which does not alter the system's expected behavior.",1054
93,src/UC013_Registrar_Liquidacao.claret,exp01_rgp-diarias_v1.2.4,exp01_rgp-diarias_v1.2.5,"-					Interrompe a operação e exibe mensagem de erro (MSG211 - Número da liquidação já existe.) para o usuário.""	","+					Interrompe a operação e exibe mensagem de erro (MSG211 - Número da liquidação já existe) para o usuário.""	",LOW,0,1,2,{'TC2'},3,LOW,"The changes are merely textual, involving punctuation adjustment without altering the system behavior.",2038
94,src/UC014_Minha_Conta_Bancaria.claret,exp01_rgp-diarias_v1.2.4,exp01_rgp-diarias_v1.2.5,"-	preCondition ""O usuario devidamente autenticado e na tela inicial do sistema""	","+	preCondition ""O usuário devidamente autenticado e na tela inicial do sistema.""	",LOW,0,4,0,"{'TC1', 'TC2', 'TC4', 'TC3'}",4,LOW,"The change is a textual update related to a typo and punctuation, without affecting system behavior.",1828
95,src/UC014_Minha_Conta_Bancaria.claret,exp01_rgp-diarias_v1.2.4,exp01_rgp-diarias_v1.2.5,"-	  	step 1 usuario ""Acessa a funcionalidade Minha Conta Bancária (menu)"" 	","+	  	step 1 usuario ""Acessa a funcionalidade Minha Conta Bancária (menu)."" 	",LOW,0,4,0,"{'TC1', 'TC2', 'TC4', 'TC3'}",4,LOW,The change is a mere punctuation correction and does not affect the system behavior.,1577
96,src/UC014_Minha_Conta_Bancaria.claret,exp01_rgp-diarias_v1.2.4,exp01_rgp-diarias_v1.2.5,"-		step 4 system ""Exibe mensagens informativas (MSG403 - Informativos sobre a atualização de conta bancários (dados bancários)) para o usuário sobre a manutenção de informações bancárias."" 	","+		step 4 system ""Exibe mensagens informativas (MSG403 - Informativos sobre a atualização de conta bancária (dados bancários)) para o usuário sobre a manutenção de informações bancárias."" 	",LOW,0,1,3,{'TC4'},4,LOW,"The change is purely textual, correcting the word 'conta bancários' to 'conta bancária', which does not alter the system's expected behavior.",1343
97,src/UC014_Minha_Conta_Bancaria.claret,exp01_rgp-diarias_v1.2.4,exp01_rgp-diarias_v1.2.5,"-	  	step 2 system ""Apresenta os campos (banco/agência/conta corrente) alterados""	","+	  	step 2 system ""Apresenta os campos (banco/agência/conta corrente) alterados.""	",LOW,0,3,1,"{'TC1', 'TC2', 'TC3'}",4,LOW,"the change is merely a textual edit involving punctuation, which does not affect system behavior",1388
98,src/UC001_Solicitar_Diarias.claret,exp01_rgp-diarias_v1.2.5,exp01_rgp-diarias_v1.3,"-		step 25 usuario ""Clica em confirmar."" af[4]	","+		step 25 usuario ""Clica em confirmar."" af[4,6]	",HIGH,0,36,31,"{'TC48', 'TC50', 'TC9', 'TC55', 'TC49', 'TC11', 'TC36', 'TC66', 'TC4', 'TC3', 'TC10', 'TC32', 'TC33', 'TC20', 'TC38', 'TC65', 'TC67', 'TC14', 'TC59', 'TC44', 'TC15', 'TC25', 'TC42', 'TC37', 'TC21', 'TC43', 'TC16', 'TC22', 'TC26', 'TC56', 'TC61', 'TC5', 'TC54', 'TC31', 'TC60', 'TC27'}",67,HIGH,The addition of a new alternative flow changes the expected behavior of the use case.,2285
99,src/UC001_Solicitar_Diarias.claret,exp01_rgp-diarias_v1.2.5,exp01_rgp-diarias_v1.3,,"+	alternative 6 ""Alerta o estouro do limite de 10 diárias por mês"" {	+		step 1 usuario ""Clica em confirmar.""	+		step 2 system ""Exibe uma mensagem de alerta informando sobre o estouro do limite de 10 diárias por mês.""	+		step 3 usuario ""Fecha o alerta"" bs 26	+	}	",HIGH,72,0,31,"{'TC93', 'TC81', 'TC6', 'TC24', 'TC2', 'TC50', 'TC55', 'TC49', 'TC58', 'TC53', 'TC28', 'TC75', 'TC11', 'TC41', 'TC36', 'TC66', 'TC62', 'TC4', 'TC3', 'TC86', 'TC73', 'TC32', 'TC33', 'TC71', 'TC20', 'TC45', 'TC8', 'TC38', 'TC97', 'TC40', 'TC77', 'TC89', 'TC102', 'TC101', 'TC64', 'TC12', 'TC99', 'TC7', 'TC88', 'TC98', 'TC67', 'TC63', 'TC46', 'TC94', 'TC59', 'TC17', 'TC72', 'TC34', 'TC103', 'TC15', 'TC25', 'TC57', 'TC42', 'TC37', 'TC85', 'TC51', 'TC21', 'TC82', 'TC23', 'TC16', 'TC76', 'TC29', 'TC68', 'TC30', 'TC84', 'TC90', 'TC13', 'TC80', 'TC54', 'TC19', 'TC47', 'TC92'}",103,HIGH,"The updated snippet introduces a new alternative flow that changes the expected behavior of the system by adding an alert mechanism regarding the limit of 10 daily usages, which constitutes a new requirement.",1372
