Title,Author,Author affiliation,Source,ISBN13,Publication year,Volume and Issue,Pages,Issue date,Monograph title,Language,Article In Press,Open Access type(s),Database,Copyright,Data Provider
Provengo: A Tool Suite for Scenario Driven Model-Based Testing,"Bar-Sinai, Michael ; Elyasaf, Achiya ; Weiss, Gera ; Weiss, Yeshayahu",,arXiv,,2023,,,"August 30, 2023",,,,,Compendex,"Compilation and indexing terms, Copyright 2023 Elsevier Inc.",Engineering Village
A Model-Based Testing System for Safety of Railway Interlocking,"Su, Haoxiang (1); Chai, Ming (1); Liu, Hongjie (1); Chai, Jinchuan (2); Yue, Chaopeng (3)","(1) National Engineering Research Center of Rail Transportation Operation and Control System, Beijing Jiaotong University, Beijing; 100044, China (2) National Railway Track Test Center, China Academy of Railway Sciences Corporation Limited, Beijing, China (3) Beijing National Railway Research & Design, Institute of Signal & Communication Group Co, Ltd., Beijing, China","IEEE Conference on Intelligent Transportation Systems, Proceedings, ITSC",9781670000000,2022,v 2022-October,p 335-340,2022,"2022 IEEE 25th International Conference on Intelligent Transportation Systems, ITSC 2022",,,,Compendex,"Compilation and indexing terms, Copyright 2023 Elsevier Inc.",Engineering Village
An Approach for Model Based Testing of Augmented Reality Applications,"Tramontana, Porfirio (1); De Luca, Marco (1); Fasolino, Anna Rita (1)","(1) University of Naples 'Federico II', Napoli, Italy",CEUR Workshop Proceedings,,2022,v 3144,,2022,"RCIS-WS and RP 2022 - Joint Proceedings of RCIS 2022 Workshops and Research Projects Track, co-located with the 16th International Conference on Research Challenges inInformation Science, RCIS 2022",,,,Compendex,"Compilation and indexing terms, Copyright 2023 Elsevier Inc.",Engineering Village
Model-based testing leveraged for automated web tests,"Mattiello, Guilherme Ricken (1); Endo, André Takeshi (1)","(1) Federal University of Technology - Parana, Cornelio Procopio, Brazil",Software Quality Journal,,2022,"v 30, n 3",p 621-649,September 2022,,,,,Compendex,"Compilation and indexing terms, Copyright 2023 Elsevier Inc.",Engineering Village
TesCaV: An Approach for Learning Model-Based Testing and Coverage in Practice,"Marín, Beatriz (1); Alarcón, Sofía (1); Giachetti, Giovanni (2); Snoeck, Monique (3)","(1) Universidad Diego Portales, Santiago, Chile (2) Universidad Tecnológica de Chile INACAP, Santiago, Chile (3) KU Leuven, Leuven, Belgium",Lecture Notes in Business Information Processing,9783030000000,2020,v 385 LNBIP,p 302-317,2020,"Research Challenges in Information Science - 14th International Conference, RCIS 2020, Proceedings",,,,Compendex,"Compilation and indexing terms, Copyright 2023 Elsevier Inc.",Engineering Village
Model-Based Testing of Smart Home Systems Using EFSM and CEFSM,"Albahli, Afnan (1); Andrews, Anneliese (1)","(1) University of Denver, Department of Computer Science, Denver, United States","Proceedings - 2021 International Conference on Computational Science and Computational Intelligence, CSCI 2021",9781670000000,2021,,p 1824-1829,2021,"Proceedings - 2021 International Conference on Computational Science and Computational Intelligence, CSCI 2021",,,,Compendex,"Compilation and indexing terms, Copyright 2023 Elsevier Inc.",Engineering Village
Lightweight MBT Testing for National e-Health Portal in Norway,"Gafurov, Davrondzhon (1); Grovan, Margrete Sunde (1); Hurum, Arne Erik (1)","(1) Norsk Helsenett SF, Oslo, Norway","Proceedings - 2020 35th IEEE/ACM International Conference on Automated Software Engineering, ASE 2020",9781450000000,2020,,p 1194-1198,September 2020,"Proceedings - 2020 35th IEEE/ACM International Conference on Automated Software Engineering, ASE 2020",,,,Compendex,"Compilation and indexing terms, Copyright 2023 Elsevier Inc.",Engineering Village
Model-Based Testing of Read only Graph Queries,"Lambers, Leen (1); Schneider, Sven (1); Weisgut, Marcel (1)","(1) Hasso Plattner Institute, University of Potsdam, Potsdam, Germany","Proceedings - 2020 IEEE 13th International Conference on Software Testing, Verification and Validation Workshops, ICSTW 2020",9781730000000,2020,,p 24-34,October 2020,"Proceedings - 2020 IEEE 13th International Conference on Software Testing, Verification and Validation Workshops, ICSTW 2020",,,,Compendex,"Compilation and indexing terms, Copyright 2023 Elsevier Inc.",Engineering Village
Effect of MBT on landfill behavior: an Italian case study,"Amato, Alessia (1); Magi Galluzzi, Lorenzo (2); Beolchini, Francesca (1)","(1) Department of Life and Environmental Sciences-DiSVA, Università Politecnica Delle Marche, Via Brecce Bianche, Ancona; 60131, Italy (2) Landfill Technical Management, Asa S.R.L. Azienda Servizi Ambientali, AN, Corinaldo; 60013, Italy",Journal of Material Cycles and Waste Management,,2022,"v 24, n 6",p 2569-2581,November 2022,,,,"All Open Access, Hybrid Gold, Green",Compendex,"Compilation and indexing terms, Copyright 2023 Elsevier Inc.",Engineering Village
Reducing the discard of MBT test cases using distance functions,"Diniz, Thomaz (1); Silva, Anderson G.F. (1); Alves, Everton L.G. (1); Andrade, Wilkerson L. (1)","(1) Federal University of Campina Grande, Brazil",ACM International Conference Proceeding Series,9781450000000,2019,,p 337-346,"September 23, 2019","Proceedings of the 33rd Brazilian Symposium on Software Engineering, SBES 2019",,,,Compendex,"Compilation and indexing terms, Copyright 2023 Elsevier Inc.",Engineering Village
Model based testing of cyber-physical systems,"Khoo, Teck Ping (1)","(1) Singapore University of Technology and Design, Singapore, Singapore",Lecture Notes in Computer Science (including subseries Lecture Notes in Artificial Intelligence and Lecture Notes in Bioinformatics),9783030000000,2018,v 11232 LNCS,p 423-426,2018,"Formal Methods and Software Engineering - 20th International Conference on Formal Engineering Methods, ICFEM 2018, Proceedings",,,,Compendex,"Compilation and indexing terms, Copyright 2023 Elsevier Inc.",Engineering Village
A study on the impact of model evolution in MBT suites,"Silva, Anderson G.F. (1); Andrade, Wilkerson L. (1); Alves, Everton L.G. (1)","(1) Federal University of Campina Grande, Campina Grande, Brazil",ACM International Conference Proceeding Series,9781450000000,2018,,p 49-56,"September 17, 2018",CBSOFT 2018 - Proceedings: 3rd Brazilian Symposium on Systematic and Automated Software Testing,,,,Compendex,"Compilation and indexing terms, Copyright 2023 Elsevier Inc.",Engineering Village
From requirements to automated acceptance tests of interactive apps: An integrated model-based testing approach,"Maciel, Daniel (1); Paiva, Ana C.R. (1); Da Silva, Alberto Rodrigues (2)","(1) INESC TEC, Faculdade de Engenharia da Universidade do Porto, Porto, Portugal (2) INESC-ID, Instituto Superior Técnico, Universidade de Lisboa, Lisboa, Portugal",ENASE 2019 - Proceedings of the 14th International Conference on Evaluation of Novel Approaches to Software Engineering,9789900000000,2019,,p 265-272,2019,ENASE 2019 - Proceedings of the 14th International Conference on Evaluation of Novel Approaches to Software Engineering,,,"All Open Access, Hybrid Gold",Compendex,"Compilation and indexing terms, Copyright 2023 Elsevier Inc.",Engineering Village
Scrum and V lifecycle combined with model-based testing and model driven architecture to deal with evolutionary system issues,"Essebaa, Imane (1); Chantit, Salima (1)","(1) Computer Science Laboratory of Mohammedia, Faculty of Sciences and Technologies, Hassan 2 University of Casablanca, Casablanca, Morocco",Lecture Notes in Computer Science (including subseries Lecture Notes in Artificial Intelligence and Lecture Notes in Bioinformatics),9783030000000,2018,v 11163 LNCS,p 77-91,2018,"Model and Data Engineering - 8th International Conference, MEDI 2018, Proceedings",,,,Compendex,"Compilation and indexing terms, Copyright 2023 Elsevier Inc.",Engineering Village
Increasing test efficiency by risk-driven model-based testing,"Sahin Gebizli, Ceren (1); Kirkici, Abdulhadi (1); Sözer, Hasan (2)","(1) Vestel Electronics, Manisa, Turkey (2) Ozyegin University, Istanbul, Turkey",Journal of Systems and Software,,2018,v 144,p 356-365,October 2018,,,,,Compendex,"Compilation and indexing terms, Copyright 2023 Elsevier Inc.",Engineering Village
Supporting efficient test automation using lightweight MBT,"Bernard, Elodie (1); Ambert, Fabrice (1); Legeard, Bruno (1)","(1) Univ. Bourgogne Franche-Comté, Cnrs, FEMTO-ST Institute, Besancon, France","Proceedings - 2020 IEEE 13th International Conference on Software Testing, Verification and Validation Workshops, ICSTW 2020",9781730000000,2020,,p 84-94,October 2020,"Proceedings - 2020 IEEE 13th International Conference on Software Testing, Verification and Validation Workshops, ICSTW 2020",,,"All Open Access, Green",Compendex,"Compilation and indexing terms, Copyright 2023 Elsevier Inc.",Engineering Village
SATE: Model-Based Testing with Design-to-Test and Plant Features,"Ma, Canlong (1); Jordan, Claudius (1); Provost, Julien (1)","(1) Technical University of Munich, Munich, Germany",14th IFAC Workshop on Discrete Event Systems WODES 2018,,2018,"v 51, n 7",p 310-315,"January 1, 2018",14th IFAC Workshop on Discrete Event Systems WODES 2018,,,"All Open Access, Bronze",Compendex,"Compilation and indexing terms, Copyright 2023 Elsevier Inc.",Engineering Village
Model-based testing of mobile systems - An empirical study on QuizUp Android app,"Gudmundsson, Vignir (1); Lindvall, Mikael (2); Aceto, Luca (1); Bergthorsson, Johann (3); Ganesan, Dharmalingam (2)","(1) Reykjavik University, Reykjavik, Iceland (2) Fraunhofer CESE, Maryland, United States (3) Plain Vanilla Games, Reykjavik, Iceland","Electronic Proceedings in Theoretical Computer Science, EPTCS",,2016,v 208,p 16-30,"May 25, 2016","Proceedings of the 1st Workshop on Pre- and Post-Deployment Verification Techniques, PrePost 2016",,,"All Open Access, Gold",Compendex,"Compilation and indexing terms, Copyright 2023 Elsevier Inc.",Engineering Village
Matts - A step towards model based testing,"Herpel, H.-J. (1); Willich, G. (1); Li, J. (1); Xie, J. (1); Johansen, B. (1); Kvinnesland, K. (2); Krueger, S. (1); Barrios, P. (3)","(1) Airbus DS GmbH, Claude-Dornier-Str. 1, Immenstaad; 88090, Germany (2) DNV GL, Veritasveien 1, Hovik; 1363, Norway (3) ESA ESTEC, Kepplerlaan 1, Noordwijk; NL-2201 AZ, Netherlands","European Space Agency, (Special Publication) ESA SP",9789290000000,2016,v SP-736,,"August 1, 2016",Proceedings of DASIA 2016 - DAta Systems in Aerospace,,,,Compendex,"Compilation and indexing terms, Copyright 2023 Elsevier Inc.",Engineering Village
Model based testing of satellite on-board software - An industrial use case,"Herpel, H.J. (1); Kerep, M. (1); Li, J. (2); Xie, J. (2); Johansen, B. (2); Kvinnesland, K. (2); Krueger, S. (3); Barrios, P. (3)","(1) Airbus DS GmbH, Claude-Dornier-Str. 1, Immenstaad; 88090, Germany (2) DNVGL, Hovik, Norway (3) ESA/ESTEC, Keplerlaan 1, Noordwijk, Netherlands",IEEE Aerospace Conference Proceedings,9781470000000,2016,v 2016-June,,"June 27, 2016","2016 IEEE Aerospace Conference, AERO 2016",,,,Compendex,"Compilation and indexing terms, Copyright 2023 Elsevier Inc.",Engineering Village
Quasi dimensional numerical investigation of syngas fuelled engine operation: MBT operation and parametric sensitivity analysis,"Shivapuji, Anand M. (1); Dasappa, S. (1)","(1) Center for Sustainable Technologies, Indian Institute of Science, Bangalore; 560012, India",Applied Thermal Engineering,,2017,v 124,p 911-928,2017,,,,,Compendex,"Compilation and indexing terms, Copyright 2023 Elsevier Inc.",Engineering Village
Supporting the Combined Selection of Model-Based Testing Techniques,"Dias-Neto, Arilo Claudio (1); Travassos, Guilherme Horta (2)","(1) Institute of Computing, Federal University of Amazonas, Manaus, Amazonas, Brazil (2) Systems Engineering and Computer Science Programme, Federal University of Rio de Janeiro, COPPE, Rio de Janeiro, Brazil",IEEE Transactions on Software Engineering,,2014,"v 40, n 10",p 1025-1041,October 2014,,,,,Compendex,"Compilation and indexing terms, Copyright 2023 Elsevier Inc.",Engineering Village
Model-based testing of web service with EFSM,"Sun, Fuzhen (1, 2); Liao, Lejian (1); Zhang, Longbo (2)","(1) Beijing Engineering Research Centre of High Volume Language Information Processing and Cloud Computing Applications, Beijing Key Laboratory of Intelligent Information Technology, School of Computer Science, Beijing Institute of Technology, Beijing, China (2) School of Computer Science and Technology, Shandong University of Technology, Zibo, China",Advances in Intelligent Systems and Computing,9783640000000,2014,v 279,p 91-100,2014,,,,,Compendex,"Compilation and indexing terms, Copyright 2023 Elsevier Inc.",Engineering Village
Distributed online test generation for model-based testing,"Kanstrén, Teemu (1, 2); Kekkonen, Tuomas (1)","(1) VTT, Oulu, Finland (2) UofT, Toronto, Canada","Proceedings - Asia-Pacific Software Engineering Conference, APSEC",9780770000000,2013,v 1,p 255-262,2013,,,,,Compendex,"Compilation and indexing terms, Copyright 2023 Elsevier Inc.",Engineering Village
Studying Synchronization Issues for Extended Automata,"Kushik, Natalia (1); Yevtushenko, Nina (2)","(1) SAMOVAR, Télécom SudParis, Institut Polytechnique de Paris, Palaiseau, France (2) Ivannikov Institute for System Programming, The Russian Academy of Sciences, Moscow, Russia","International Conference on Evaluation of Novel Approaches to Software Engineering, ENASE - Proceedings",9789900000000,2023,v 2023-April,p 338-345,2023,"Proceedings of the 18th International Conference on Evaluation of Novel Approaches to Software Engineering, ENASE 2023",,,"All Open Access, Hybrid Gold",Compendex,"Compilation and indexing terms, Copyright 2023 Elsevier Inc.",Engineering Village
From BDD Scenarios to Test Case Generation,"Zameni, Tannaz (1); Van Den Bos, Petra (1); Tretmans, Jan (2, 3); Foederer, Johan (4); Rensink, Arend (1)","(1) University of Twente, Formal Methods and Tools, Enschede, Netherlands (2) Radboud University, Department of Software Science, Nijmegen, Netherlands (3) TNO-ESI, Eindhoven, Netherlands (4) Topic Embedded Systems, Best, Netherlands","Proceedings - 2023 IEEE 16th International Conference on Software Testing, Verification and Validation Workshops, ICSTW 2023",9798350000000,2023,,p 36-44,2023,"Proceedings - 2023 IEEE 16th International Conference on Software Testing, Verification and Validation Workshops, ICSTW 2023",,,,Compendex,"Compilation and indexing terms, Copyright 2023 Elsevier Inc.",Engineering Village
Exploiting MDE for platform-independent testing of service orchestrations,"Leal, Lucas (1); Montecchi, Leonardo (1); Ceccarelli, Andrea (2); Martins, Eliane (1)","(1) Institute of Computing, University of Campinas, Campinas, Brazil (2) Dip. Matematica e Informatica, University of Florence, Florence, Italy","Proceedings - 2019 15th European Dependable Computing Conference, EDCC 2019",9781730000000,2019,,p 149-152,September 2019,"Proceedings - 2019 15th European Dependable Computing Conference, EDCC 2019",,,"All Open Access, Green",Compendex,"Compilation and indexing terms, Copyright 2023 Elsevier Inc.",Engineering Village
Enhancing Acceptance Test-Driven Development with Model-Based Test Generation,"Ramler, Rudolf (1); Klammer, Claus (1)","(1) Software Competence Center Hagenberg GmbH, Softwarepark 21, Hagenberg; 4232, Austria","Proceedings - Companion of the 19th IEEE International Conference on Software Quality, Reliability and Security, QRS-C 2019",9781730000000,2019,,p 503-504,July 2019,"Proceedings - Companion of the 19th IEEE International Conference on Software Quality, Reliability and Security, QRS-C 2019",,,,Compendex,"Compilation and indexing terms, Copyright 2023 Elsevier Inc.",Engineering Village
Testing Against Non-deterministic FSMs: A Probabilistic Approach for Test Suite Minimization,"Kushik, Natalia (1); Yevtushenko, Nina (2, 3); López, Jorge (4)","(1) Télécom SudParis, Institut Polytechnique de Paris, Palaiseau, France (2) Ivannikov Institute for System Programming of the Russian Academy of Sciences, Moscow, Russia (3) Higher School of Economics, Moscow, Russia (4) Airbus Defence and Space, Issy-Les-Moulineaux, France",Lecture Notes in Computer Science (including subseries Lecture Notes in Artificial Intelligence and Lecture Notes in Bioinformatics),9783030000000,2022,v 13045 LNCS,p 55-61,2022,"Testing Software and Systems - 33rd IFIP WG 6.1 International Conference, ICTSS 2021, Proceedings",,,,Compendex,"Compilation and indexing terms, Copyright 2023 Elsevier Inc.",Engineering Village
Designing a Test Model for a Configurable System: An Exploratory Study of Preprocessor Directives and Feature Toggles,"Fischer, Stefan (1); Michelon, Gabriela Karoline (2); Assunção, Wesley K. G. (2); Ramler, Rudolf (1); Egyed, Alexander (2)","(1) Software Competence Center Hagenberg GmbH (SCCH), Austria (2) Johannes Kepler University Linz, Austria",ACM International Conference Proceeding Series,9798400000000,2023,,p 31-39,"January 25, 2023",Proceedings - VaMoS 2023: 17th International Working Conference on Variability Modelling of Software-Intensive Systems,,,"All Open Access, Bronze",Compendex,"Compilation and indexing terms, Copyright 2023 Elsevier Inc.",Engineering Village
Impact of Software Quality on 'gA-FC' Software Testing Technique,"Hooda, Susheela (1); Lamba, Vikas (1); Kaur, Sharanpreet (2); Sharma, Vidhu Kiran (1); Kumar, Raju (3); Sood, Vandana (1)","(1) Chitkara University, Chitkara University Institute of Engineering and Technology, Punjab, Rajpura, India (2) Mata Gujri College, PG Department of Computer Sciences, Punjab, Fatehgarh Sahib, India (3) G. L. Bajaj Institute of Technology and Management, UP, Greater Noida, India","Proceedings of International Conference on Computational Intelligence and Sustainable Engineering Solution, CISES 2022",9781670000000,2022,,p 142-147,2022,"Proceedings of International Conference on Computational Intelligence and Sustainable Engineering Solution, CISES 2022",,,,Compendex,"Compilation and indexing terms, Copyright 2023 Elsevier Inc.",Engineering Village
Towards an automatic model-based scrum methodology,"Chantit, Salima (1); Essebaa, Imane (1)","(1) Computer Science Laboratory of Mohammedia, Hassan II University of Casablanca, Morocco",Procedia Computer Science,,2021,v 184,p 797-802,2021,"12th International Conference on Ambient Systems, Networks and Technologies, ANT 2021 / 4th International Conference on Emerging Data and Industry 4.0, EDI40 2021 / Affiliated Workshops",,,"All Open Access, Gold",Compendex,"Compilation and indexing terms, Copyright 2023 Elsevier Inc.",Engineering Village
A model-based test case management approach for integrated sets of domain-specific models,"Proll, Reinhard (1); Bauer, Bernhard (1)","(1) Institute for Software and Systems Engineering, University of Augsburg, Germany","Proceedings - 2018 IEEE 11th International Conference on Software Testing, Verification and Validation Workshops, ICSTW 2018",9781540000000,2018,,p 175-184,"July 16, 2018","Proceedings - 2018 IEEE 11th International Conference on Software Testing, Verification and Validation Workshops, ICSTW 2018",,,"All Open Access, Green",Compendex,"Compilation and indexing terms, Copyright 2023 Elsevier Inc.",Engineering Village
Unifying Frameworks for Complete Test Strategies,"Sachtleben, Robert (1)","(1) Department of Mathematics and Computer Science, University of Bremen, Bibliothekstraße 5, Bremen; 28359, Germany",SSRN,,2023,,,"August 17, 2023",,,,,Compendex,"Compilation and indexing terms, Copyright 2023 Elsevier Inc.",Engineering Village
Model-based security testing in IoT systems: A Rapid Review,"Lonetti, Francesca (1); Bertolino, Antonia (1); Di Giandomenico, Felicita (1)","(1) Istituto di Scienza e Tecnologie dell'Informazione, CNR, via G. Moruzzi, 1, Pisa; 56124, Italy",Information and Software Technology,,2023,v 164,,December 2023,,,,,Compendex,"Compilation and indexing terms, Copyright 2023 Elsevier Inc.",Engineering Village
An approach for verification of a satellite simulator - An evolving system,"Da Silva, Paulo Diego Barbosa (1); Ambrosio, Ana Maria (2); Villani, Emilia (1); Azevedo, Denise Rotondi (2)","(1) Brazilian Aeronautics Institute of Technology, ITA, São José dos Campos, São Paulo, Brazil (2) Brazilian National Institute for Space Research, INPE, São José dos Campos, São Paulo, Brazil","Proceedings - 7th Latin-American Symposium on Dependable Computing, LADC 2016",9781510000000,2016,,p 176-182,"December 12, 2016","Proceedings - 7th Latin-American Symposium on Dependable Computing, LADC 2016",,,,Compendex,"Compilation and indexing terms, Copyright 2023 Elsevier Inc.",Engineering Village
Extending MUD profiles through an automated IoT security testing methodology,"Matheu, Sara Nieves (1); Hernandez-Ramos, Jose Luis (2); Perez, Salvador (1, 3); Skarmeta, Antonio F. (1)","(1) Department of Information and Communications Engineering, University of Murcia, Murcia; 30100, Spain (2) European Commission, Joint Research Centre, Ispra; 21027, Italy (3) Industrial Cybersecurity Area, Ikerlan Technology Research Centre, Arrasate-Mondrag; 20500, Spain",IEEE Access,,2019,v 7,p 149444-149463,2019,,,,"All Open Access, Gold",Compendex,"Compilation and indexing terms, Copyright 2023 Elsevier Inc.",Engineering Village
Timed Transition Tour for Race Detection in Distributed Systems,"Vinarskii, Evgenii (1); Kushik, Natalia (1); Yevtushenko, Nina (2, 3); López, Jorge (4); Zeghlache, Djamal (1)","(1) SAMOVAR, Télécom SudParis, Institut Polytechnique de Paris, Palaiseau, France (2) Ivanikov Institute for System Programming, Russian Academy of Sciences, Moscow, Russia (3) Higher School of Economics, Moscow, Russia (4) Airbus, Issy-Les-Moulineaux, France","International Conference on Evaluation of Novel Approaches to Software Engineering, ENASE - Proceedings",9789900000000,2023,v 2023-April,p 613-620,2023,"Proceedings of the 18th International Conference on Evaluation of Novel Approaches to Software Engineering, ENASE 2023",,,"All Open Access, Hybrid Gold",Compendex,"Compilation and indexing terms, Copyright 2023 Elsevier Inc.",Engineering Village
SimEvo: A Toolset for Simulink Test Evolution & Maintenance,"Rapos, Eric J. (1); Cordy, James R. (2)","(1) Department of Computer Science and Software Engineering, Miami University, Oxford; OH, United States (2) School of Computing, Queen's University, Kingston; ON, Canada","Proceedings - 2018 IEEE 11th International Conference on Software Testing, Verification and Validation, ICST 2018",9781540000000,2018,,p 410-415,"May 25, 2018","Proceedings - 2018 IEEE 11th International Conference on Software Testing, Verification and Validation, ICST 2018",,,,Compendex,"Compilation and indexing terms, Copyright 2023 Elsevier Inc.",Engineering Village
An empirical comparison of model-based and capture and replay approaches for performance testing,"Macedo Rodrigues, Elder (1); Moreira de Oliveira, Flávio (1); Teodoro Costa, Leandro (1); Bernardino, Maicon (1); Zorzo, Avelino Francisco (1); do Rocio Senger Souza, Simone (2); Saad, Rodrigo (3)","(1) Facin/PUCRS - Av. Ipiranga, Porto Alegre; RS; 6681, Brazil (2) ICMC/USP - Caixa Postal 668, Sao Carlos; SP; 13.560-970, Brazil (3) Dell Computadores Ltda., Porto Alegre, Brazil",Empirical Software Engineering,,2015,"v 20, n 6",p 1831-1860,"December 1, 2015",,,,,Compendex,"Compilation and indexing terms, Copyright 2023 Elsevier Inc.",Engineering Village
Uncertainty-wise evolution of test ready models,"Zhang, Man (1); Ali, Shaukat (1); Yue, Tao (1, 2); Norgre, Roland (3)","(1) Simula Research Laboratory, Oslo, Norway (2) University of Oslo, Oslo, Norway (3) R&I, Future Position X, Gävle, Sweden",Information and Software Technology,,2017,v 87,p 140-159,"July 1, 2017",,,,"All Open Access, Hybrid Gold",Compendex,"Compilation and indexing terms, Copyright 2023 Elsevier Inc.",Engineering Village
Uncovering Unknown System Behaviors in Uncertain Networks with Model and Search-Based Testing,"Ji, Ruihua (1); Li, Zhong (1); Chen, Shouyu (1); Pan, Minxue (1, 2); Zhang, Tian (1, 2); Ali, Shaukat (2); Yue, Tao (2); Li, Xuandong (1)","(1) State Key Laboratory for Novel Software Technology, Nanjing University, Nanjing; 210093, China (2) Simula Research Laboratory, Oslo, Norway","Proceedings - 2018 IEEE 11th International Conference on Software Testing, Verification and Validation, ICST 2018",9781540000000,2018,,p 204-214,"May 25, 2018","Proceedings - 2018 IEEE 11th International Conference on Software Testing, Verification and Validation, ICST 2018",,,,Compendex,"Compilation and indexing terms, Copyright 2023 Elsevier Inc.",Engineering Village
Morest: Model-based RESTful API Testing with Execution Feedback,"Liu, Yi (1); Li, Yuekang (1); Deng, Gelei (1); Liu, Yang (1); Wan, Ruiyuan (2); Wu, Runchao (2); Ji, Dandan (3); Xu, Shiheng (2); Bao, Minli (2)","(1) Nanyang Technological University, Singapore (2) Huawei Cloud Computing Technologies Co., Ltd, China (3) Huawei Technologies Co., Ltd, China",Proceedings - International Conference on Software Engineering,9781450000000,2022,v 2022-May,p 1406-1417,2022,"Proceedings - 2022 ACM/IEEE 44th International Conference on Software Engineering, ICSE 2022",,,,Compendex,"Compilation and indexing terms, Copyright 2023 Elsevier Inc.",Engineering Village
Optimizing regression testing with functional flow block reliability diagram,"Chourey, Vaishali (1); Sharma, Meena (2)","(1) Department of IT, Medi-Caps University, Indore, India (2) Department of Computer Engineering, IET DAVV, Indore, India",ENASE 2019 - Proceedings of the 14th International Conference on Evaluation of Novel Approaches to Software Engineering,9789900000000,2019,,p 526-532,2019,ENASE 2019 - Proceedings of the 14th International Conference on Evaluation of Novel Approaches to Software Engineering,,,"All Open Access, Hybrid Gold",Compendex,"Compilation and indexing terms, Copyright 2023 Elsevier Inc.",Engineering Village
Learning and statistical model checking of system response times,"Aichernig, Bernhard K. (1); Bauerstätter, Priska (2); Jöbstl, Elisabeth (3); Kann, Severin (3); Koroec, Robert (3); Krenn, Willibald (2); Mateis, Cristinel (2); Schlick, Rupert (2); Schumi, Richard (1)","(1) Institute of Software Technology, Graz University of Technology, Graz, Austria (2) Austrian Institute of Technology, Vienna, Austria (3) AVL List GmbH, Graz, Austria",Software Quality Journal,,2019,"v 27, n 2",p 757-795,"June 15, 2019",,,,"All Open Access, Hybrid Gold",Compendex,"Compilation and indexing terms, Copyright 2023 Elsevier Inc.",Engineering Village
Toward a Constraint Based Test Case Generation of Parallel BPEL Process,"Serbout, Sara (1); Benattou, Mohammed (1)","(1) LASTID Research Laboratory, Ibn Tofail University, Kenitra, Morocco",International Conference on Multimedia Computing and Systems -Proceedings,9781540000000,2018,v 2018-May,,"November 6, 2018","Proceedings of 2018 6th International Conference on Multimedia Computing and Systems, ICMCS 2018",,,,Compendex,"Compilation and indexing terms, Copyright 2023 Elsevier Inc.",Engineering Village
Morest: Model-based RESTful API Testing with Execution Feedback,"Liu, Yi (1); Liu, Yang (1); Ji, Dandan (2); Li, Yuekang (1); Wan, Ruiyuan (3); Xu, Shiheng (3); Deng, Gelei (1); Wu, Runchao (3); Bao, Minli (3)","(1) Nanyang Technological University, Singapore (2) Huawei Technologies Co., Ltd, China (3) Huawei Cloud Computing Technologies Co., Ltd, China",arXiv,,2022,,,"April 26, 2022",,,,,Compendex,"Compilation and indexing terms, Copyright 2023 Elsevier Inc.",Engineering Village
Hierarchical featured state machines,"Fragal, Vanderson Hafemann (1); Simao, Adenilso (1); Mousavi, Mohammad Reza (2)","(1) Institute of Math. and Computer Sciences – ICMC, University of São Paulo, Brazil (2) Department of Informatics, University of Leicester, United Kingdom",Science of Computer Programming,,2019,v 171,p 67-88,15 February 2019,,,,"All Open Access, Bronze, Green",Compendex,"Compilation and indexing terms, Copyright 2023 Elsevier Inc.",Engineering Village
Initial Pose Estimation of 3D Object with Severe Occlusion Using Deep Learning,"Lomaliza, Jean-Pierre (1); Park, Hanhoon (1, 2)","(1) Department of Electronic Engineering, Pukyong National University, Busan; 48513, Korea, Republic of (2) School of ITMS, University of South Australia, Adelaide; SA; 5001, Australia",Lecture Notes in Computer Science (including subseries Lecture Notes in Artificial Intelligence and Lecture Notes in Bioinformatics),9783030000000,2020,v 12002 LNCS,p 325-336,2020,"Advanced Concepts for Intelligent Vision Systems - 20th International Conference, ACIVS 2020, Proceedings",,,,Compendex,"Compilation and indexing terms, Copyright 2023 Elsevier Inc.",Engineering Village
The SAMBA approach for self-adaptive model-based online testing of services orchestrations,"Leal, Lucas (1); Ceccarelli, Andrea (1); Martins, Eliane (1)","(1) Institute of Computing, University of Campinas, Campinas, Brazil",Proceedings - International Computer Software and Applications Conference,9781730000000,2019,v 1,p 495-500,July 2019,"Proceedings - 2019 IEEE 43rd Annual Computer Software and Applications Conference, COMPSAC 2019",,,,Compendex,"Compilation and indexing terms, Copyright 2023 Elsevier Inc.",Engineering Village
A model-based approach to generate dynamic synthetic test data,"Tan, Chao (1)","(1) Dept. of Informatics, University of Osl, Testify AS, Oslo, Norway","Proceedings - 2019 IEEE 12th International Conference on Software Testing, Verification and Validation, ICST 2019",9781730000000,2019,,p 495-497,April 2019,"Proceedings - 2019 IEEE 12th International Conference on Software Testing, Verification and Validation, ICST 2019",,,,Compendex,"Compilation and indexing terms, Copyright 2023 Elsevier Inc.",Engineering Village
Mixup-breakdown: A consistency training method for improving generalization of speech separation models,"Lam, Max W.Y. (1); Wang, Jun (1); Su, Dan (1); Yu, Dong (2)","(1) Tencent AI Lab, Shenzhen, China (2) Tencent AI Lab, Bellevue; WA, United States",arXiv,,2019,,,"October 27, 2019",,,,,Compendex,"Compilation and indexing terms, Copyright 2023 Elsevier Inc.",Engineering Village
Model-based test suite generation for graph transformation system using model simulation and search-based techniques,"Kalaee, Akram (1); Rafe, Vahid (1)","(1) Department of Computer Engineering, Faculty of Engineering, Arak University, Arak; 38156-8-8349, Iran",Information and Software Technology,,2019,v 108,p 1-29,April 2019,,,,,Compendex,"Compilation and indexing terms, Copyright 2023 Elsevier Inc.",Engineering Village
End-to-end Automatic Business Process Validation,"Paiva, Ana C.R. (1); Flores, Nuno H. (1); Faria, João P. (1); Marques, José M.G. (2)","(1) INESC TEC, Faculty of Engineering, University of Porto, Rua Dr. Roberto Frias, s/n 4200-465, Porto, Portugal (2) LINK, Av. Duque de Ávila, 23, Lisboa; 1000-138, Portugal",Procedia Computer Science,,2018,v 130,p 999-1004,2018,"9th International Conference on Ambient Systems, Networks and Technologies, ANT 2018",,,"All Open Access, Gold",Compendex,"Compilation and indexing terms, Copyright 2023 Elsevier Inc.",Engineering Village
Test Generation from Event System Abstractions to Cover Their States and Transitions,"Julliand, J. (1); Kouchnarenko, O. (1); Masson, P.A. (1); Voiron, G. (1)","(1) FEMTO-ST, UMR 6174 CNRS and Univ. Bourgogne Franche-Comté 16, route de Gray F-25030, Besançon Cedex, France",Programming and Computer Software,,2018,"v 44, n 1",p 1-14,"January 1, 2018",,,,,Compendex,"Compilation and indexing terms, Copyright 2023 Elsevier Inc.",Engineering Village
Extending UTP 2 with cascading arbitration specifications,"Wendland, Marc-Florian (1); Schneider, Martin (1); Hoffmann, Andreas (1)","(1) System Quality Center, Fraunhofer Institut FOKUS, Berlin, Germany","A-TEST 2019 - Proceedings of the 10th ACM SIGSOFT International Workshop on Automating TEST Case Design, Selection, and Evaluation, co-located with ESEC/FSE 2019",9781450000000,2019,,p 8-14,"August 26, 2019","A-TEST 2019 - Proceedings of the 10th ACM SIGSOFT International Workshop on Automating TEST Case Design, Selection, and Evaluation, co-located with ESEC/FSE 2019",,,,Compendex,"Compilation and indexing terms, Copyright 2023 Elsevier Inc.",Engineering Village
Extension to Interaction Flow Modeling Language (IFML) for Android Application Modeling,"Lu, Yi-Fei (1); Pan, Min-Xue (1); Zhang, Tian (1); Wang, Lin-Zhang (1); Li, Xuan-Dong (1)","(1) State Key Laboratory for Novel Software Technology, Nanjing University, Nanjing; 210023, China",Ruan Jian Xue Bao/Journal of Software,,2019,"v 30, n 10",p 3148-3167,"October 1, 2019",,Chinese,,,Compendex,"Compilation and indexing terms, Copyright 2023 Elsevier Inc.",Engineering Village
Toward an equation-oriented framework for diagnosis of complex systems,"Feldman, Alexander (1); Provan, Gregory (1)","(1) University College Cork, Ireland","Proceedings of the 5th International Workshop on Equation-Based Object-Oriented Modeling Languages and Tools, EOOLT 2013",9789180000000,2020,,p 65-74,2020,"Proceedings of the 5th International Workshop on Equation-Based Object-Oriented Modeling Languages and Tools, EOOLT 2013",,,,Compendex,"Compilation and indexing terms, Copyright 2023 Elsevier Inc.",Engineering Village
Model-Based Runtime Monitoring of Smart City Systems,"Incki, Koray (1); Ari, Ismail (1)","(1) Ozyegin University, Cekmekoy Kampusu Nisantepe, Mah. Orman Sk., Cekmekoy Istanbul; 34794, Turkey",Procedia Computer Science,,2018,v 134,p 75-82,2018,"15th International Conference on Mobile Systems and Pervasive Computing, MobiSPC 2018 / The 13th International Conference on Future Networks and Communications, FNC 2018 / Affiliated Workshops",,,"All Open Access, Gold, Green",Compendex,"Compilation and indexing terms, Copyright 2023 Elsevier Inc.",Engineering Village
Petri net based test case generation for evolved specification,"Ding, Zuohua (1); Jiang, Mingyue (1); Chen, Haibo (1); Jin, Zhi (2); Zhou, Mengchu (3)","(1) School of Information Science, Zhejiang Sci-Tech University, Hangzhou; 310018, China (2) Software Engineering Institute, Peking University, Beijing; 100871, China (3) Department of Electrical and Computer Engineering, New Jersey Institute of Technology, Newark; NJ; 07102, United States",Science China Information Sciences,,2016,"v 59, n 8",,"August 1, 2016",,,,,Compendex,"Compilation and indexing terms, Copyright 2023 Elsevier Inc.",Engineering Village
ProMiner: Bi-directional consistency checking framework based on system properties,"Ge, Xu-Jun (1); Wang, Ling (1); Xu, Li-Hua (1); Guo, Jian (2); Zhu, Hui-Biao (2)","(1) Department of Computer Science and Technology, East China Normal University, Shanghai; 200241, China (2) Shanghai Key Laboratory of Trustworthy Computing (East China Normal University), Shanghai; 200062, China",Ruan Jian Xue Bao/Journal of Software,,2016,"v 27, n 7",p 1757-1771,"July 1, 2016",,Chinese,,,Compendex,"Compilation and indexing terms, Copyright 2023 Elsevier Inc.",Engineering Village
Model-Based API Testing of Apache ZooKeeper,"Artho, Cyrille (1, 2); Gros, Quentin (3); Rousset, Guillaume (3); Banzai, Kazuaki (4); Ma, Lei (5); Kitamura, Takashi (2); Hagiya, Masami (4); Tanabe, Yoshinori (7); Yamamoto, Mitsuharu (6)","(1) School of Computer Science and Communication, KTH Royal Institute of Technology, Stockholm, Sweden (2) Institute of Information Technology Research, National Institute of Advanced Industrial Science and Technology (AIST), Osaka, Japan (3) Polytech Nantes, University of Nantes, Nantes, France (4) Department of Computer Science, University of Tokyo, Tokyo, Japan (5) Department of Computer Science, Harbin Institute of Technology, China (6) Department of Mathematics and Informatics, Chiba University, Chiba, Japan (7) Department of Library, Archival, and Information Studies, Tsurumi University, Yokohama, Japan","Proceedings - 10th IEEE International Conference on Software Testing, Verification and Validation, ICST 2017",9781510000000,2017,,p 288-298,"May 15, 2017","Proceedings - 10th IEEE International Conference on Software Testing, Verification and Validation, ICST 2017",,,,Compendex,"Compilation and indexing terms, Copyright 2023 Elsevier Inc.",Engineering Village
D-MBTDD: An Approach for Reusing Test Artefacts in Evolving System,"Ussami, Thais Harumi (1); Martins, Eliane (1); Montecchi, Leonardo (2)","(1) Institute of Computing, University of Campinas, Campinas, S.P., Brazil (2) Dipartimento di Matematica e Informatica, University of Florence, Florence, FI., Italy","Proceedings - 46th Annual IEEE/IFIP International Conference on Dependable Systems and Networks, DSN-W 2016",9781470000000,2016,,p 39-46,"September 22, 2016","Proceedings - 46th Annual IEEE/IFIP International Conference on Dependable Systems and Networks, DSN-W 2016",,,,Compendex,"Compilation and indexing terms, Copyright 2023 Elsevier Inc.",Engineering Village
Model-Based continuous verification,"Fan, Lingling (1); Chen, Sen (1); Xu, Lihua (1); Yang, Zongyuan (1); Zhu, Huibiao (1, 2)","(1) School of Computer Science and Software Engineering, East China Normal University, Shanghai, China (2) Shanghai Key Laboratory of Trustworthy Computing, East China Normal University, Shanghai, China","Proceedings - Asia-Pacific Software Engineering Conference, APSEC",9781510000000,2016,v 0,p 81-88,"July 2, 2016","Proceedings - 23rd Asia-Pacific Software Engineering Conference, APSEC 2016",,,,Compendex,"Compilation and indexing terms, Copyright 2023 Elsevier Inc.",Engineering Village
Test script generation based on design documents for web application testing,"Tanno, Haruto (1); Zhang, Xiaojing (1)","(1) NTT Laboratories, Nippon Telegraph and Telephone Corporation, Tokyo, Japan",Proceedings - International Computer Software and Applications Conference,9781470000000,2015,v 3,p 672-673,"September 21, 2015","Proceedings - 2015 IEEE 39th Annual Computer Software and Applications Conference Workshops, COMPSACW 2015",,,,Compendex,"Compilation and indexing terms, Copyright 2023 Elsevier Inc.",Engineering Village
Model-based integration testing of ROS packages: A mobile robot case study,"Ernits, Juhan (1); Halling, Evelin (1); Kanter, Gert (1); Vain, Jüri (1)","(1) Department of Computer Science, Tallinn University of Technology, Akadeemia tee 15a, Tallinn; 12618, Estonia","2015 European Conference on Mobile Robots, ECMR 2015 - Proceedings",9781470000000,2015,,,"November 10, 2015","2015 European Conference on Mobile Robots, ECMR 2015 - Proceedings",,,,Compendex,"Compilation and indexing terms, Copyright 2023 Elsevier Inc.",Engineering Village
Functional Flow Diagram(FFD): Semantics for evolving software,"Chourey, Vaishali (1); Sharma, Meena (2)","(1) Discipline of Computer Science and Engineering, Medi-Caps University, Indore, India (2) Discipline of Computer Engineering, Institute of Engineering and Technology (DAVV), Indore, India","2016 International Conference on Advances in Computing, Communications and Informatics, ICACCI 2016",9781510000000,2016,,p 2193-2199,"November 2, 2016","2016 International Conference on Advances in Computing, Communications and Informatics, ICACCI 2016",,,,Compendex,"Compilation and indexing terms, Copyright 2023 Elsevier Inc.",Engineering Village
"Test generation for RTES from SysML models: Context, motivations and research proposal","Gauthier, Jean-Marie (1)","(1) FEMTO-ST Institute, DISC Department, UMR CNRS 6174, 16, route de Gray, 25030 Besançon, France","Proceedings - IEEE 6th International Conference on Software Testing, Verification and Validation, ICST 2013",,2013,,p 503-504,2013,"Proceedings - IEEE 6th International Conference on Software Testing, Verification and Validation, ICST 2013",,,,Compendex,"Compilation and indexing terms, Copyright 2023 Elsevier Inc.",Engineering Village
Model based approach for testing: Distributed real-time systems augmented with online monitors,"Pal, Deepak (1); Vain, Jüri (1)","(1) Department of Software Science, Tallinn University of Technology, Tallinn, Estonia",Communications in Computer and Information Science,9783320000000,2018,v 838,p 142-157,2018,"Databases and Information Systems - 13th International Baltic Conference, DB and IS 2018, Proceedings",,,,Compendex,"Compilation and indexing terms, Copyright 2023 Elsevier Inc.",Engineering Village
"Three birds with one stone: Contemporaneously boosting passive, active and self-healing properties for long-term anticorrosion coatings","Cheng, Meng (1); Liu, Junhao (1); Liu, Yuqi (1); Jiang, Hao (1); Li, Chunling (1, 2); Sun, Shuangqing (1, 2); Hu, Songqing (1, 2)","(1) School of Materials Science and Engineering, China University of Petroleum (East China), Qingdao; 266580, China (2) Institute of Advanced Materials, China University of Petroleum (East China), Qingdao; 266580, China",Chemical Engineering Journal,,2023,v 459,,"March 1, 2023",,,,,Compendex,"Compilation and indexing terms, Copyright 2023 Elsevier Inc.",Engineering Village
"Experiences with formal engineering: Model-based specification, implementation and testing of a software bus at Neopost","Sijtema, M. (2); Belinfante, A. (1); Stoelinga, M.I.A. (1); Marinelli, L. (3)","(1) Faculty of Computer Science, University of Twente, Netherlands (2) Systematic Software Hague, Netherlands (3) Neopost, Austin, TX, United States",Science of Computer Programming,,2014,"v 80, n PART A",p 188-209,"February 1, 2014",,,,"All Open Access, Bronze, Green",Compendex,"Compilation and indexing terms, Copyright 2023 Elsevier Inc.",Engineering Village
"Three Birds with One Stone: Contemporaneously Boosting Passive, Active and Self-Healing Properties for Long-Term Anticorrosion Coatings","Cheng, Meng (1); Liu, Junhao (1); Li, Chunling (1, 2); Sun, Shuangqing (1, 2); Hu, Songqing (1, 2)","(1) School of Materials Science and Engineering, China University of Petroleum (East China), Qingdao; 266580, China (2) Institute of Advanced Materials, China University of Petroleum (East China), Qingdao; 266580, China",SSRN,,2022,,,"November 18, 2022",,,,,Compendex,"Compilation and indexing terms, Copyright 2023 Elsevier Inc.",Engineering Village
Ag Electrode Anticorrosion in Inverted Perovskite Solar Cells,"Liu, Acan (1); Li, Xiaodong (1); Zhang, Wenxiao (1); Yang, Hui (1); Guo, Xuemin (1); Lu, Chunyan (1); Yuan, Haobo (1); Ou-Yang, Wei (1); Fang, Junfeng (1)","(1) School of Physics and Electronic Science, Engineering Research Center of Nanophotonics and Advanced Instrument, Ministry of Education, East China Normal University, Shanghai; 200062, China",Advanced Functional Materials,,2023,,,2023,,,Article in Press,"All Open Access, Bronze",Compendex,"Compilation and indexing terms, Copyright 2023 Elsevier Inc.",Engineering Village
Fifty shades of grey in SOA testing,"Wotawa, Franz (1); Schulz, Marco (1); Pill, Ingo (1); Jehan, Seema (1); Leitner, Philipp (2); Hummer, Waldemar (2); Schulte, Stefan (2); Hoenisch, Philipp (2); Dustdar, Schahram (2)","(1) Institute for Software Technology, Graz University of Technology, Austria (2) Distributed Systems Group, Vienna University of Technology, Austria","Proceedings - IEEE 6th International Conference on Software Testing, Verification and Validation Workshops, ICSTW 2013",,2013,,p 154-157,2013,"Proceedings - IEEE 6th International Conference on Software Testing, Verification and Validation Workshops, ICSTW 2013",,,,Compendex,"Compilation and indexing terms, Copyright 2023 Elsevier Inc.",Engineering Village
"Software paradigms, assessment types and non-functional requirements in model-based integration testing: A systematic literature review","Häser, Florian (1); Felderer, Michael (1); Breu, Ruth (1)","(1) Institute of Computer Science Quality Engineering, University of Innsbruck, Austria",ACM International Conference Proceeding Series,9781450000000,2014,,,2014,"18th International Conference on Evaluation and Assessment in Software Engineering, EASE 2014",,,,Compendex,"Compilation and indexing terms, Copyright 2023 Elsevier Inc.",Engineering Village
Examining the co-evolution relationship between Simulink Models and their test cases,"Rapos, Eric J. (1); Cordy, James R. (1)","(1) School of Computing, Queen's University, Kingston; ON, Canada","Proceedings - 8th International Workshop on Modeling in Software Engineering, MiSE 2016",9781450000000,2016,,p 34-40,"May 14, 2016","Proceedings - 8th International Workshop on Modeling in Software Engineering, MiSE 2016",,,,Compendex,"Compilation and indexing terms, Copyright 2023 Elsevier Inc.",Engineering Village
Test case/step minimization for visual programming language models and its application to space systems,"Santos Alarcon, Paulo Nolberto Dos (1); Santiago, Valdivino Alexandre De (1)","(1) Instituto Nacional de Pesquisas Espaciais (INPE), Av. dos Astronautas, 1758, São Paulo; SP, Brazil",Lecture Notes in Computer Science (including subseries Lecture Notes in Artificial Intelligence and Lecture Notes in Bioinformatics),9783320000000,2017,v 10409 LNCS,p 160-175,2017,"Computational Science and Its Applications - ICCSA 2017 - 17th International Conference, 2017",,,,Compendex,"Compilation and indexing terms, Copyright 2023 Elsevier Inc.",Engineering Village
Evolving the ETSI test description language,"Makedonski, Philip (1); Adamis, Gusztáv (2); Käärik, Martti (3); Kristoffersen, Finn (4); Zeitoun, Xavier (5)","(1) Institute of Computer Science, University of Göttingen, Göttingen, Germany (2) Test Competence Center, Ericsson Hungary Ltd., Budapest, Hungary (3) Elvior OU, Talinn, Estonia (4) Cinderella ApS, Copenhagen, Denmark (5) CEA, LIST, Gif-sur-yvette, France",Lecture Notes in Computer Science (including subseries Lecture Notes in Artificial Intelligence and Lecture Notes in Bioinformatics),9783320000000,2016,v 9959 LNCS,p 116-131,2016,"System Analysis and Modeling: Technology-Specific Aspects of Models - 9th International Conference, SAM 2016, Proceedings",,,,Compendex,"Compilation and indexing terms, Copyright 2023 Elsevier Inc.",Engineering Village
Anticorrosion Coating with Heterogeneous Assembly of Nanofillers Modulated by a Magnetic Field,"Pengpeng, Lu (1); Xue, Fu (2); Xin, Li (2); Li, Xu (2); Fan, Yong (2); Zhao, Jie (1); Tian, Limei (1); Sun, Jiyu (1); Ren, Luquan (1)","(1) Key Laboratory of Bionic Engineering, Ministry of Education, Jilin University, Changchun; 130022, China (2) College of Chemistry, Jilin University, Changchun; 130012, China",ACS Applied Materials and Interfaces,,2023,"v 15, n 5",p 7538-7551,"February 8, 2023",,,,,Compendex,"Compilation and indexing terms, Copyright 2023 Elsevier Inc.",Engineering Village
XSS pattern for attack modeling in testing,"Bozic, Josip (1); Wotawa, Franz (1)","(1) Institute for Software Technology, Graz University of Technology, A-8010 Graz, Austria","2013 8th International Workshop on Automation of Software Test, AST 2013 - Proceedings",9781470000000,2013,,p 71-74,2013,"2013 8th International Workshop on Automation of Software Test, AST 2013 - Proceedings",,,,Compendex,"Compilation and indexing terms, Copyright 2023 Elsevier Inc.",Engineering Village
Co-evolution of model-based tests for industrial automotive software,"Rapos, Eric J. (1)","(1) School of Computing, Queen's University, Kingston; ON, Canada","Proceedings - 30th International Conference on Software Maintenance and Evolution, ICSME 2014",9780770000000,2014,,p 663,"December 4, 2014",,,,,Compendex,"Compilation and indexing terms, Copyright 2023 Elsevier Inc.",Engineering Village
Comparative study on model based test of automotive automatic control system,"Gao, Zhenhua (1)","(1) Chongqing Chang'An Automobile Stock Co. Ltd, Chongqing; 401133, China","2023 IEEE 2nd International Conference on Electrical Engineering, Big Data and Algorithms, EEBDA 2023",9781670000000,2023,,p 1628-1632,2023,"2023 IEEE 2nd International Conference on Electrical Engineering, Big Data and Algorithms, EEBDA 2023",,,,Compendex,"Compilation and indexing terms, Copyright 2023 Elsevier Inc.",Engineering Village
High Moisture Stability for Enhanced Quality Perovskite Solar Cells Induced by Front and Back Layer Synergistic Passivation of Perovskite,"Gong, Xiaoli (1); Li, Haimin (1); Liu, Xingchong (1); Wang, Hanyu (1); Ni, Yafei (1); Lei, Yue (1); Zhou, Ruonan (1); Zou, Wenjing (1); Tang, Yanling (1); Liu, Shuqian (1)","(1) School of New Energy and Materials, Southwest Petroleum University, Chengdu; 610500, China",Solar RRL,,2022,"v 6, n 10",,October 2022,,,,,Compendex,"Compilation and indexing terms, Copyright 2023 Elsevier Inc.",Engineering Village
3D Finite Element Study of the Physiological Anchorage Control Concept on Anchorage Molars in Lingual Orthodontics,"Zhao, Jiayuan (1); Su, Majing (1); Zhao, Qian (1); Liu, Jiajie (1); Wang, Junbin (1); Wang, Junjie (1); An, Xiaoli (1)","(1) School/Hospital of Stomatology, Lanzhou University, Lanzhou; 730000, China",Journal of Healthcare Engineering,,2022,v 2022,,2022,,,,"All Open Access, Gold, Green",Compendex,"Compilation and indexing terms, Copyright 2023 Elsevier Inc.",Engineering Village
Powertrain control verification benchmark,"Jin, Xiaoqing (1); Deshmukh, Jyotirmoy V. (1); Kapinski, James (1); Ueda, Koichi (1); Butts, Ken (1)","(1) Powertrain Control and Model-based Development, Toyota Technical Center, United States",HSCC 2014 - Proceedings of the 17th International Conference on Hybrid Systems: Computation and Control (Part of CPS Week),9781450000000,2014,,p 253-262,2014,HSCC 2014 - Proceedings of the 17th International Conference on Hybrid Systems: Computation and Control (Part of CPS Week),,,"All Open Access, Green",Compendex,"Compilation and indexing terms, Copyright 2023 Elsevier Inc.",Engineering Village
Can the biological stage of a mechanical–biological treatment plant that is designed for mixed municipal solid waste be successfully utilized for effective composting of selectively collected biowaste?,"Bernat, Katarzyna (1); Kulikowska, Dorota (1); Wojnowska-Baryla, Irena (1); Kamiska, Anna (2)","(1) Department of Environmental Biotechnology, University of Warmia and Mazury in Olsztyn, Sloneczna 45G, Olsztyn; 10-709, Poland (2) Regional Municipal Waste Treatment Plant in Elblg, Poland",Waste Management,,2022,v 149,p 291-301,"July 15, 2022",,,,"All Open Access, Hybrid Gold",Compendex,"Compilation and indexing terms, Copyright 2023 Elsevier Inc.",Engineering Village
Managing aircraft by trajectory: Literature review and lessons learned,"Leiden, Kenneth (1); Fernandes, Alicia (1); Atkins, Stephen (1)","(1) Mosaic ATM, Inc., Leesburg; VA, United States","ICNS 2018 - Integrated Communications, Navigation, Surveillance Conference",9781540000000,2018,,p 3E11-3E116,"June 13, 2018","ICNS 2018 - Integrated Communications, Navigation, Surveillance Conference",,,,Compendex,"Compilation and indexing terms, Copyright 2023 Elsevier Inc.",Engineering Village
Model-based knock prediction and its stochastic feedforward compensation,"Li, Ruixue C. (1); Zhu, Guoming G. (2)","(1) Michigan State University, Department of Mechanical Engineering, East Lansing; MI; 48824, United States (2) Michigan State University, Faculty of the Department of Mechanical Engineering, East Lansing; MI; 48824, United States","IEEE/ASME International Conference on Advanced Intelligent Mechatronics, AIM",9781730000000,2020,v 2020-July,p 637-642,July 2020,"2020 IEEE/ASME International Conference on Advanced Intelligent Mechatronics, AIM 2020",,,,Compendex,"Compilation and indexing terms, Copyright 2023 Elsevier Inc.",Engineering Village
"Polymeric Films for the Encapsulation, Storage, and Tunable Release of Therapeutic Microbes","Qiu, Kunyu (1); Young, Isabella (1); Woodburn, Blaide M. (2); Huang, Yirui (1); Anselmo, Aaron C. (1)","(1) Division of Pharmacoengineering and Molecular Pharmaceutics, Eshelman School of Pharmacy, University of North Carolina at Chapel Hill, Chapel Hill; NC; 27599, United States (2) Department of Pharmacology, School of Medicine, University of North Carolina at Chapel Hill, Chapel Hill; NC; 27599, United States",Advanced Healthcare Materials,,2020,"v 9, n 6",,"March 1, 2020",,,,"All Open Access, Green",Compendex,"Compilation and indexing terms, Copyright 2023 Elsevier Inc.",Engineering Village
Improving Heavy Duty Natural Gas Engine Efficiency: A Systematic Approach to Application of Dedicated EGR,"Kocsis, Michael C. (1); Mitchell, Robert (1); Moiz, Ahmed Abdul (1); Kalaskar, Vickey (1); Williams, D. Ryan (1); Sjovall, Scott (1)",(1) Southwest Research Institute,SAE Technical Papers,,2020,"v 2020-April, n April",,"April 14, 2020","SAE World Congress Experience, WCX 2020",,,,Compendex,"Compilation and indexing terms, Copyright 2023 Elsevier Inc.",Engineering Village
An investigation on utilization of biogas and syngas produced from biomass waste in premixed spark ignition engine,"Kan, Xiang (1, 2); Zhou, Dezhi (3); Yang, Wenming (3); Zhai, Xiaoqiang (4); Wang, Chi-Hwa (2)","(1) NUS Environmental Research Institute, National University of Singapore, 1 Create Way, Create Tower, #15-02, Singapore; 138602, Singapore (2) Department of Chemical and Biomolecular Engineering, National University of Singapore, 4 Engineering Drive 4, Singapore; 117585, Singapore (3) Department of Mechanical Engineering, Faculty of Engineering, National University of Singapore, 9 Engineering Drive 1, Singapore; 117576, Singapore (4) School of Mechanical Engineering, Shanghai Jiaotong University, Shanghai; 200240, China",Applied Energy,,2018,v 212,p 210-222,"February 15, 2018",,,,,Compendex,"Compilation and indexing terms, Copyright 2023 Elsevier Inc.",Engineering Village
Plant Assimilation Kinetics and Metabolism of 2-Mercaptobenzothiazole Tire Rubber Vulcanizers by Arabidopsis,"LeFevre, Gregory H. (1, 2, 5); Portmann, Andrea C. (1, 2, 4); Müller, Claudia E. (1, 2); Sattely, Elizabeth S. (1, 3); Luthy, Richard G. (1, 2)","(1) ReNUWIt Engineering Research Center, Stanford University, 473 Via Ortega, Stanford; CA; 94305, United States (2) Department of Civil and Environmental Engineering, Stanford University, Stanford; CA; 94305, United States (3) Department of Chemical Engineering, Stanford University, Stanford; CA; 94305, United States (4) Institute of Environmental Engineering, ETH Zürich, Zürich; 8093, Switzerland (5) Department of Civil and Environmental Engineering, University of Iowa, Iowa City; IA; 52242, United States",Environmental Science and Technology,,2016,"v 50, n 13",p 6762-6771,"July 5, 2016",,,,,Compendex,"Compilation and indexing terms, Copyright 2023 Elsevier Inc.",Engineering Village
"RCIS-WS and RP 2022 - Joint Proceedings of RCIS 2022 Workshops and Research Projects Track, co-located with the 16th International Conference on Research Challenges inInformation Science, RCIS 2022",,,CEUR Workshop Proceedings,,2022,v 3144,,2022,"RCIS-WS and RP 2022 - Joint Proceedings of RCIS 2022 Workshops and Research Projects Track, co-located with the 16th International Conference on Research Challenges inInformation Science, RCIS 2022",,,,Compendex,"Compilation and indexing terms, Copyright 2023 Elsevier Inc.",Engineering Village
Experimental investigation of water injection and spark timing effects on combustion and emissions of a hybrid hydrogen-gasoline engine,"Qian, Lijun (1, 2); Wan, Juye (1); Qian, Yejian (1); Sun, Yu (1); Zhuang, Yuan (1)","(1) School of Automotive and Transportation Engineering, Hefei University of Technology, Anhui, Hefei; 230009, China (2) Nanchang Institute of Technology, Jiangxi, Nanchang; 330044, China",Fuel,,2022,v 322,,"August 15, 2022",,,,,Compendex,"Compilation and indexing terms, Copyright 2023 Elsevier Inc.",Engineering Village
"Effectiveness of 2-mercaptobenzothiazole, 8-hydroxyquinoline and benzotriazole as corrosion inhibitors on AA 2024-T3 assessed by electrochemical methods","Balaskas, Andronikos C. (1); Curioni, Michele (1); Thompson, George E. (1)","(1) Corrosion and Protection Centre, School of Materials, University of Manchester, Manchester, M13 9PL, United Kingdom",Surface and Interface Analysis,,2015,"v 47, n 11",p 1029-1039,November 2015,,,,"All Open Access, Hybrid Gold",Compendex,"Compilation and indexing terms, Copyright 2023 Elsevier Inc.",Engineering Village
Effect of benzothiazole biocide on SRB-induced biocorrosion of hot-dip galvanized steel,"Eduok, Ubong (1); Faye, Omar (1); Szpunar, Jerzy (1)","(1) Department of Mechanical Engineering, College of Engineering, University of Saskatchewan, 57 Campus Drive, Saskatoon; Saskatchewan; S7N 5A9, Canada",Engineering Failure Analysis,,2018,v 93,p 111-121,November 2018,,,,,Compendex,"Compilation and indexing terms, Copyright 2023 Elsevier Inc.",Engineering Village
Finger-vein recognition with modified binary tree model,"Liu, Tong (1); Xie, Jianbin (1); Yan, Wei (1); Li, Peiqin (1); Lu, Huanzhang (1)","(1) College of Electronic Science and Engineering, National University of Defense Technology, Kaifu District, Yan W Pond #47, Changsha; Hunan; 410073, China",Neural Computing and Applications,,2015,"v 26, n 4",p 969-977,"May 1, 2015",,,,,Compendex,"Compilation and indexing terms, Copyright 2023 Elsevier Inc.",Engineering Village
Cycle-based LQG knock control using identified exhaust temperature model,"Tang, Jian (1); Dai, Wen (2); Archer, Chad (2); Yi, James (2); Zhu, Guoming (1)","(1) Department of Mechanical Engineering, Michigan State University, East Lansing; MI, United States (2) Ford Motor Company, Dearborn; MI, United States",International Journal of Engine Research,,2023,"v 24, n 7",p 3047-3060,July 2023,,,,,Compendex,"Compilation and indexing terms, Copyright 2023 Elsevier Inc.",Engineering Village
Comparative study on the performance of high temperature piezoelectric materials for structural health monitoring using ultrasonic guided waves,"Dhutti, A. (1); Tumin, S.A. (1); Gan, T.H. (1, 2); Kanfoud, J. (1); Balachandran, W. (1)","(1) Brunel University London, Kingston Lane, Uxbridge; UB8 3PH, United Kingdom (2) TWI Ltd, Granta Park, Cambridge; CB21 6AL, United Kingdom","Proceedings of the 7th Asia-Pacific Workshop on Structural Health Monitoring, APWSHM 2018",9783000000000,2018,,p 598-608,2018,"Proceedings of the 7th Asia-Pacific Workshop on Structural Health Monitoring, APWSHM 2018",,,,Compendex,"Compilation and indexing terms, Copyright 2023 Elsevier Inc.",Engineering Village
"Understanding the Adverse Effects of Inlet Valve Deposits on SI Engine Operation, through a Novel Technique to Create Surrogate Deposits","Glawar, Andreas F. G. (1); Ziman, Pauline R. (2); Wu, Kaihua (3); Natarajan, Vinod (1); Wolgast, Eike J. (4); Dankers, Carolin (4); Groves, Adrian P. (2)","(1) Shell Global Solutions (US) Inc., United States (2) Shell Global Solutions (UK), United Kingdom (3) Shell (Shanghai) Technology Ltd., China (4) Shell Global Solutions (Deutschland) GmbH, Germany",SAE Technical Papers,,2018,v 2018-September,,2018,,,,,Compendex,"Compilation and indexing terms, Copyright 2023 Elsevier Inc.",Engineering Village
Self healing coatings containing dual active agent loaded urea formaldehyde (UF) microcapsules,"Siva, T. (1); Sathiyanarayanan, S. (1)","(1) CSIR-Central Electrochemical Research Institute, Karaikudi; 630006, India",Progress in Organic Coatings,,2015,v 82,p 57-67,"May 1, 2015",,,,,Compendex,"Compilation and indexing terms, Copyright 2023 Elsevier Inc.",Engineering Village
"Proceedings - 13th ACM/IEEE International Symposium on Empirical Software Engineering and Measurement, ESEM 2019",,,International Symposium on Empirical Software Engineering and Measurement,9781730000000,2019,v 2019-Septemer,,September 2019,"Proceedings - 13th ACM/IEEE International Symposium on Empirical Software Engineering and Measurement, ESEM 2019",,,,Compendex,"Compilation and indexing terms, Copyright 2023 Elsevier Inc.",Engineering Village
"U-test: Evolving, modelling and testing realistic uncertain behaviours of cyber-physical systems","Ali, Shaukat (1); Yue, Tao (2)","(1) Simula Research Laboratory, P.O. Box 134, Lysaker; 1325, Norway (2) Simula Research Laboratory, University of Oslo, P.O. Box 134, Lysaker; 1325, Norway","2015 IEEE 8th International Conference on Software Testing, Verification and Validation, ICST 2015 - Proceedings",9781480000000,2015,,,"May 5, 2015",,,,,Compendex,"Compilation and indexing terms, Copyright 2023 Elsevier Inc.",Engineering Village
"International Dagstuhl Seminar 16172 Machine Learning for Dynamic Software Analysis: Potentials and Limits, 2016",,,Lecture Notes in Computer Science (including subseries Lecture Notes in Artificial Intelligence and Lecture Notes in Bioinformatics),9783320000000,2018,v 11026 LNCS,,2018,"Machine Learning for Dynamic Software Analysis: Potentials and Limits - International Dagstuhl Seminar 16172, Revised Papers",,,,Compendex,"Compilation and indexing terms, Copyright 2023 Elsevier Inc.",Engineering Village
Dependability verification of nanosatellite embedded software supported by a reusable test system,"Conceicao, Carlos A.P.L. (1); Mattiello-Francisco, Fatima (1); Batista, Carlos L.G. (1)","(1) Instituto Nacional de Pesquisas Espaciais, São José dos Campos, Brazil","Proceedings - 7th Latin-American Symposium on Dependable Computing, LADC 2016",9781510000000,2016,,p 157-163,"December 12, 2016","Proceedings - 7th Latin-American Symposium on Dependable Computing, LADC 2016",,,,Compendex,"Compilation and indexing terms, Copyright 2023 Elsevier Inc.",Engineering Village
Improving code coverage in android apps testing by exploiting patterns and automatic test case generation,"Amalfitano, Domenico (1); Amatucci, Nicola (1); Fasolino, Anna Rita (1); Gentile, Ugo (1); Mele, Gianluca (1); Nardone, Roberto (1); Vittorini, Valeria (1); Marrone, Stefano (2)","(1) Universitá di Napoli Federico II, DIETI, via Claudio, 21, Naples, Italy (2) Seconda Universitá di Napoli, Dip. di Matematica e Fisica, viale Lincoln, 5, Caserta, Italy","WISE 2014 - Proceedings of the 2014 ACM International Workshop on Long-Term Industrial Collaboration on Software Engineering, Co-located with ASE 2014",9781450000000,2014,,p 29-34,2014,,,,,Compendex,"Compilation and indexing terms, Copyright 2023 Elsevier Inc.",Engineering Village
Cyclic Variations of Argon Power Cycle Engine with Fuel of Hydrogen,"Zhang, Erbao (1); Gong, Yinchun (1); Deng, Jun (1); Hu, Zongjie (1); Jiang, Chuanqian (1); Wu, Zhijun (1); Li, Liguang (1)","(1) Tongji Univ, China",SAE Technical Papers,,2017,v 2017-October,,2017,,,,,Compendex,"Compilation and indexing terms, Copyright 2023 Elsevier Inc.",Engineering Village
Stress tolerance assessment of dibenzyltoluene-based liquid organic hydrogen carriers,"Modisha, Phillimon (1); Bessarabov, Dmitri (1)","(1) HySA Infrastructure Centre of Competence, North-West University, Faculty of Engineering, Private Bag X6001, Potchefstroom Campus; 2520, South Africa",Sustainable Energy and Fuels,,2020,"v 4, n 9",p 4662-4670,September 2020,,,,,Compendex,"Compilation and indexing terms, Copyright 2023 Elsevier Inc.",Engineering Village
"Proceedings - International Symposium on Software Reliability Engineering, ISSRE",,,"Proceedings - International Symposium on Software Reliability Engineering, ISSRE",9781540000000,2018,v 2018-October,,"November 16, 2018","Proceedings - 29th IEEE International Symposium on Software Reliability Engineering, ISSRE 2018",,,,Compendex,"Compilation and indexing terms, Copyright 2023 Elsevier Inc.",Engineering Village
A Structured Markov Chain Approach to Branching Processes,"Hautphenne, Sophie (1)","(1) School of Mathematics and Statistics, University of Melbourne, Melbourne; VIC; 3010, Australia",Stochastic Models,,2015,"v 31, n 3",p 403-432,"July 3, 2015",,,,,Compendex,"Compilation and indexing terms, Copyright 2023 Elsevier Inc.",Engineering Village
Model-Driven Software Architecture Conformance Analysis,"Uzun, Burak (1)",(1) Wageningen University and Research,ProQuest Dissertations and Theses Global,9798490000000,2021,,,2021,,,,,Compendex,"Compilation and indexing terms, Copyright 2023 Elsevier Inc.",Engineering Village
A heuristic-based approach to refactor crosscutting behaviors in UML state machines,"Khan, Muhammad Uzair (1); Iqbal, Muhamamd Zohaib (1, 2); Ali, Shaukat (3)","(1) 1Software Quality Engineering and Testing Lab (QUEST), National University of Computer and Emerging Sciences, FAST NU, Islamabad, Pakistan (2) SnT Centre for Security, Reliability and Trust, University of Luxembourg, Luxembourg, Luxembourg (3) Simula Research Laboratory, P.O.Box 134, Lysaker, Norway","Proceedings - 30th International Conference on Software Maintenance and Evolution, ICSME 2014",9780770000000,2014,,p 557-560,"December 4, 2014",,,,,Compendex,"Compilation and indexing terms, Copyright 2023 Elsevier Inc.",Engineering Village
Test process improvement with documentation driven integration testing,"Häser, Florian (1); Felderer, Michael (1); Breu, Ruth (1)","(1) Institute of Computer Science Quality Engineering, University of Innsbruck, Austria","Proceedings - 2014 9th International Conference on the Quality of Information and Communications Technology, QUATIC 2014",9781480000000,2014,,p 156-161,"December 12, 2014",,,,,Compendex,"Compilation and indexing terms, Copyright 2023 Elsevier Inc.",Engineering Village
"Impact of the Direct Injection of Liquid Propane on the Efficiency of a Light-Duty, Spark-Ignited Engine","Walls, Mark (1); Joo, Michael (1); Ross, Michael (1)","(1) Southwest Research Institute, United States",SAE Technical Papers,,2017,"v 2017-March, n March",,"March 28, 2017",WCX 2017: SAE World Congress Experience,,,,Compendex,"Compilation and indexing terms, Copyright 2023 Elsevier Inc.",Engineering Village
Design and evaluation of a grid reciprocation scheme for use in digital breast tomosynthesis,"Patel, Tushita (1); Sporkin, Helen (2); Peppard, Heather (3); Williams, Mark B. (1, 2, 3)","(1) Department of Physics, University of Virginia, Charlottesville; VA; 22904, United States (2) Department of Biomedical Engineering, University of Virginia, Charlottesville; VA; 22908, United States (3) Department of Radiology and Medical imaging, University of Virginia, Charlottesville; VA; 22908, United States",Progress in Biomedical Optics and Imaging - Proceedings of SPIE,9781510000000,2016,v 9788,,2016,"Medical Imaging 2016: Biomedical Applications in Molecular, Structural, and Functional Imaging",,,"All Open Access, Green",Compendex,"Compilation and indexing terms, Copyright 2023 Elsevier Inc.",Engineering Village
An experimental study on the potential usage of acetone as an oxygenate additive in PFI SI engines,"Meng, Lei (1, 3); Zeng, Chunnian (1); Li, Yuqiang (2); Nithyanandan, Karthik (3); Lee, Timothy H. (3); Lee, Chia-Fon (3, 4)","(1) School of Information Engineering, Wuhan University of Technology, Wuhan; 430070, China (2) School of Energy Science and Engineering, Central South University, Changsha; 410083, China (3) Department of Mechanical Science and Engineering, University of Illinois at Urbana-Champaign, Urbana; IL; 61801, United States (4) School of Mechanical Engineering, Beijing Institute of Technology, Beijing; 100081, China",Energies,,2016,"v 9, n 4",,"April 1, 2016",,,,"All Open Access, Gold, Green",Compendex,"Compilation and indexing terms, Copyright 2023 Elsevier Inc.",Engineering Village
Characterization of High Efficiency Octane-On-Demand Fuels Requirement in a Modern Spark Ignition Engine with Dual Injection System,"Viollet, Yoann (1); Abdullah, Marwan (1); Alhajhouje, Abdullah (1); Chang, Junseok (1)","(1) Fuel Technology Division, Saudi Aramco R and DC, Saudi Arabia",SAE Technical Papers,,2015,"v 2015-April, n April",,"April 14, 2015",SAE 2015 World Congress and Exhibition,,,,Compendex,"Compilation and indexing terms, Copyright 2023 Elsevier Inc.",Engineering Village
Investigations on the effect of Piston Squish Area on Performance and Emission Characteristics of LPG fuelled Lean Burn SI Engine,"Krishnaiah, Ravi (1); Ekambaram, Porpatham (1); Jayapaul, Pradeep Bhasker (1)","(1) Automotive Research Centre, Thermal and Automotive Division, School of Mechanical Engineering, VIT University, Vellore; 632 014, India",SAE Technical Papers,,2016,"v 2016-February, n February",,"February 1, 2016","International Mobility Conference, SIIMC 2016",,,,Compendex,"Compilation and indexing terms, Copyright 2023 Elsevier Inc.",Engineering Village
The effect of injection timing on the performance of natural gas with a high carbon dioxide (CO2) content in a Direct Injection (DI) gas engine,"Wasiu, Ayandotun B. (1); Aziz, A. Rashid A. (1); Heikal, Morgan R. (1)","(1) Mechanical Engineering Department, Universiti Teknologi PETRONAS, Bandar Seri Iskandar, 31750 Tronoh, Perak, Malaysia",MATEC Web of Conferences,,2014,v 13,,2014,"ICPER 2014 - 4th International Conference on Production, Energy and Reliability",,,"All Open Access, Gold, Green",Compendex,"Compilation and indexing terms, Copyright 2023 Elsevier Inc.",Engineering Village
"Proceedings of the IEEE International Conference on Engineering of Complex Computer Systems, ICECCS",,,"Proceedings of the IEEE International Conference on Engineering of Complex Computer Systems, ICECCS",9781480000000,2014,,,"October 13, 2014",,,,,Compendex,"Compilation and indexing terms, Copyright 2023 Elsevier Inc.",Engineering Village
"Tests and Proofs - 7th International Conference, TAP 2013, Proceedings",,,Lecture Notes in Computer Science (including subseries Lecture Notes in Artificial Intelligence and Lecture Notes in Bioinformatics),9783640000000,2013,v 7942 LNCS,,2013,"Tests and Proofs - 7th International Conference, TAP 2013, Proceedings",,,,Compendex,"Compilation and indexing terms, Copyright 2023 Elsevier Inc.",Engineering Village
Ethanol optimized powertrain for medium duty trucks,"Perfetto, Anthony (1); Kameshwaran, Karthik (1); Geckler, Samuel C. (1); Zope, Rohit (1); Lana, Carlos (1); Kotharaman, Govindarajan (1)","(1) Cummins Inc., Columbus; IN, United States","ASME 2014 Internal Combustion Engine Division Fall Technical Conference, ICEF 2014",9780790000000,2014,v 1,,2014,,,,,Compendex,"Compilation and indexing terms, Copyright 2023 Elsevier Inc.",Engineering Village
Relating Knocking Combustions Effects to Measurable Data,"Corti, Enrico (1); Forte, Claudio (1); Bianchi, Gian Marco (1); Moro, Davide (1)","(1) University of Bologna, Italy",SAE International Journal of Engines,,2015,"v 8, n 5",p 2133-2144,"September 6, 2015",,,,,Compendex,"Compilation and indexing terms, Copyright 2023 Elsevier Inc.",Engineering Village
Controlled assci with moderate auto-ignition for engine knock suppression in a GDI engine with high compression ratio,"A, Hui Liu (1); Wang, Zhi (1); Wang, Jianxin (1); Wang, Mengke (2); Yang, Wanli (2)","(1) State Key Laboratory of Automotive Safety and Energy, Tsinghua University, Beijing; 100084, China (2) Chery Automobile Engineering and Research Institute, Anhui; 241009, China","ASME 2014 Internal Combustion Engine Division Fall Technical Conference, ICEF 2014",9780790000000,2014,v 1,,2014,,,,,Compendex,"Compilation and indexing terms, Copyright 2023 Elsevier Inc.",Engineering Village
An efficient assisted bidirectional glenn design with lowered superior vena cava pressure for stage-one single ventricle patients,"Jia, Dongjie (1); Peroni, Matthew (1); Khalapyan, Tigran (1); Esmaily, Mahdi (1)","(1) Sibley School of Mechanical and Aerospace Engineering, Cornell University, Ithaca; NY; 14850, United States",Journal of Biomechanical Engineering,,2021,"v 143, n 7",,July 2021,,,,,Compendex,"Compilation and indexing terms, Copyright 2023 Elsevier Inc.",Engineering Village